4.967141530112326731e-01,-1.382643011711846559e-01,6.476885381006924902e-01,1.523029856408025351e+00,-2.341533747233359719e-01,-2.341369569491805469e-01,1.579212815507391454e+00,7.674347291529087789e-01,-4.694743859349521098e-01,5.425600435859646575e-01
-4.634176928124622563e-01,-4.657297535702568658e-01,2.419622715660341150e-01,-1.913280244657797891e+00,-1.724917832513032767e+00,-5.622875292409726944e-01,-1.012831120334423796e+00,3.142473325952738761e-01,-9.080240755212111159e-01,-1.412303701335291706e+00
1.465648768921554046e+00,-2.257763004865356582e-01,6.752820468792383735e-02,-1.424748186213456780e+00,-5.443827245251826596e-01,1.109225897098660846e-01,-1.150993577422302794e+00,3.756980183456719580e-01,-6.006386899188049799e-01,-2.916937497932767798e-01
-6.017066122293969199e-01,1.852278184508937775e+00,-1.349722473793391400e-02,-1.057710928955899909e+00,8.225449121031890298e-01,-1.220843649971022238e+00,2.088635950047554035e-01,-1.959670123879775572e+00,-1.328186048898430505e+00,1.968612358691235187e-01
7.384665799954104326e-01,1.713682811899704950e-01,-1.156482823882405281e-01,-3.011036955892887890e-01,-1.478521990367427374e+00,-7.198442083947086401e-01,-4.606387709597875024e-01,1.057122226218915717e+00,3.436182895684614103e-01,-1.763040155362733952e+00
3.240839693947950018e-01,-3.850822804163165358e-01,-6.769220003059587265e-01,6.116762888408678878e-01,1.030999522495950949e+00,9.312801191161985681e-01,-8.392175232226385395e-01,-3.092123758512145826e-01,3.312634314035639571e-01,9.755451271223591903e-01
-4.791742378452899520e-01,-1.856589766638171157e-01,-1.106334974006028204e+00,-1.196206624080670800e+00,8.125258223941980162e-01,1.356240028570822931e+00,-7.201012158033384680e-02,1.003532897892024156e+00,3.616360250476341465e-01,-6.451197546051242737e-01
3.613956055084139307e-01,1.538036566465969202e+00,-3.582603910995153101e-02,1.564643655814005996e+00,-2.619745104089744370e+00,8.219025043752238302e-01,8.704706823817133510e-02,-2.990073504658678494e-01,9.176077653550229751e-02,-1.987568914600892800e+00
-2.196718878375119310e-01,3.571125715117464128e-01,1.477894044741516089e+00,-5.182702182736473873e-01,-8.084936028931876129e-01,-5.017570435845365440e-01,9.154021177020741362e-01,3.287511096596844595e-01,-5.297602037670388064e-01,5.132674331133560974e-01
9.707754934804038727e-02,9.686449905328892163e-01,-7.020530938773523744e-01,-3.276621465977682113e-01,-3.921081531321576330e-01,-1.463514948132118576e+00,2.961202770645760540e-01,2.610552721798893305e-01,5.113456642460900183e-03,-2.345871333751474164e-01
-1.415370742050414243e+00,-4.206453227653590421e-01,-3.427145165267694860e-01,-8.022772692216189050e-01,-1.612857116660091350e-01,4.040508568145383950e-01,1.886185901210530202e+00,1.745778128318389577e-01,2.575503907227639777e-01,-7.444591576616710338e-02
-1.918771215299041488e+00,-2.651387544921687822e-02,6.023020994102643716e-02,2.463242112485286128e+00,-1.923609647811225232e-01,3.015473423336124670e-01,-3.471176970524331162e-02,-1.168678037619532040e+00,1.142822814515020546e+00,7.519330326867741388e-01
7.910319470430469124e-01,-9.093874547947389253e-01,1.402794310936099187e+00,-1.401851062792280889e+00,5.868570938002702908e-01,2.190455625809978546e+00,-9.905363251306883443e-01,-5.662977296027719154e-01,9.965136508764121936e-02,-5.034756541161992116e-01
-1.550663431066132691e+00,6.856297480602732697e-02,-1.062303713726104881e+00,4.735924306351815827e-01,-9.194242342338033724e-01,1.549934405017539873e+00,-7.832532923362370836e-01,-3.220615162056755798e-01,8.135172173696697540e-01,-1.230864316433955219e+00
2.274599346041294157e-01,1.307142754282428099e+00,-1.607483234561227547e+00,1.846338585323042125e-01,2.598827942484234765e-01,7.818228717773100245e-01,-1.236950710878081949e+00,-1.320456613084276309e+00,5.219415656168976403e-01,2.969846732331860584e-01
2.504928503458766498e-01,3.464482094969758563e-01,-6.800247215784908095e-01,2.322536971610035528e-01,2.930724732986812464e-01,-7.143514180263678126e-01,1.865774511144756564e+00,4.738329209117875251e-01,-1.191303497202648609e+00,6.565536086338297217e-01
-9.746816702273214394e-01,7.870846037424520381e-01,1.158595579007404064e+00,-8.206823183517104603e-01,9.633761292443218105e-01,4.127809269364983158e-01,8.220601599944900029e-01,1.896792982653947357e+00,-2.453881160028704989e-01,-7.537361643574895798e-01
-8.895144296255232952e-01,-8.158102849654382815e-01,-7.710170941410411649e-02,3.411519748166434995e-01,2.766907993300190549e-01,8.271832490360238044e-01,1.300189187790701945e-02,1.453534077157316862e+00,-2.646568332379560795e-01,2.720169166589618825e+00
6.256673477650062098e-01,-8.571575564162825511e-01,-1.070892498061112308e+00,4.824724152431852930e-01,-2.234627853258508434e-01,7.140004940920918752e-01,4.732376245735448461e-01,-7.282891265687277405e-02,-8.467937180684049769e-01,-1.514847224685864635e+00
-4.465149520670210759e-01,8.563987943234723232e-01,2.140937441302039612e-01,-1.245738778711988015e+00,1.731809258511819993e-01,3.853173797288367841e-01,-8.838574362011329955e-01,1.537251059455279067e-01,5.820871844599989631e-02,-1.142970297830623094e+00
3.577873603482832898e-01,5.607845263682343928e-01,1.083051243175277012e+00,1.053802052034902959e+00,-1.377669367957091051e+00,-9.378250399151227823e-01,5.150352672086597750e-01,5.137859509122087998e-01,5.150476863060478028e-01,3.852731490654720758e+00
5.708905106931669859e-01,1.135565640180598912e+00,9.540017634932023149e-01,6.513912513057980025e-01,-3.152692446403455584e-01,7.589692204932672048e-01,-7.728252145375718030e-01,-2.368186067400088746e-01,-4.853635478291034588e-01,8.187413938632255583e-02
2.314658566673508666e+00,-1.867265192591748280e+00,6.862601903745135790e-01,-1.612715871189651873e+00,-4.719318657894335245e-01,1.088950596967366291e+00,6.428001909546277037e-02,-1.077744777929306119e+00,-7.153037092599682234e-01,6.795977489346758382e-01
-7.303666317171366718e-01,2.164585895819748640e-01,4.557183990381376976e-02,-6.516003476058168653e-01,2.143944089325325653e+00,6.339190223180112271e-01,-2.025142586657607158e+00,1.864543147694276426e-01,-6.617864647683879831e-01,8.524333347962239626e-01
-7.925207384327006555e-01,-1.147364414668990140e-01,5.049872789804571438e-01,8.657551941701214782e-01,-1.200296407055776227e+00,-3.345012358409483744e-01,-4.749453111609561740e-01,-6.533292325737118933e-01,1.765454240281096876e+00,4.049817109609555321e-01
-1.260883954335045187e+00,9.178619470547760839e-01,2.122156197012633250e+00,1.032465260551146846e+00,-1.519369965954013413e+00,-4.842340728662513638e-01,1.266911149186622731e+00,-7.076694656187807464e-01,4.438194281462284341e-01,7.746340534293367774e-01
-9.269304715780829484e-01,-5.952535606180008043e-02,-3.241267340069072578e+00,-1.024387641334289833e+00,-2.525681513931603006e-01,-1.247783181964849497e+00,1.632411303931635249e+00,-1.430141377960632676e+00,-4.400444866969837610e-01,1.307405772860913418e-01
1.441273289066115515e+00,-1.435862151179439383e+00,1.163163752154959596e+00,1.023306101958704889e-02,-9.815086510479509307e-01,4.621034742632707526e-01,1.990596955734700302e-01,-6.002168771587946816e-01,6.980208499001885891e-02,-3.853135968617599216e-01
1.135173452512479864e-01,6.621306745210463474e-01,1.586016816145352060e+00,-1.237815498826849048e+00,2.133033374656266634e+00,-1.952087799522501887e+00,-1.517850950355832396e-01,5.883172064845761939e-01,2.809918677350327076e-01,-6.226995198205939053e-01
-2.081222503572753291e-01,-4.930009346588331010e-01,-5.893647569442117540e-01,8.496020970210249601e-01,3.570154859650473411e-01,-6.929095952606542097e-01,8.995998754332507064e-01,3.072995208766093334e-01,8.128621188389600905e-01,6.296288419236122369e-01
-8.289950109220725061e-01,-5.601810401969696818e-01,7.472936051232618171e-01,6.103702654334648425e-01,-2.090159396414813242e-02,1.173273833087819934e-01,1.277664895788424904e+00,-5.915713888358299366e-01,5.470973811700376999e-01,-2.021926524338939768e-01
-2.176812032272203712e-01,1.098776851987190328e+00,8.254163489880298465e-01,8.135096360006385252e-01,1.305478807154329068e+00,2.100384163275904881e-02,6.819529712949639055e-01,-3.102667565934560390e-01,3.241663524884421110e-01,-1.301430543676845852e-01
9.699596499271818939e-02,5.951570254369136226e-01,-8.182206832334725233e-01,2.092387275685460235e+00,-1.006017381499701990e+00,-1.214188612787732158e+00,1.158110873500067806e+00,7.916626939629358706e-01,6.241198170521551347e-01,6.283455092642799000e-01
-1.224677284691462302e-02,-8.972543714858315367e-01,7.580455819372633464e-02,-6.771617115121116859e-01,9.751197334177511555e-01,-1.470573815021386510e-01,-8.254971967925115450e-01,-3.213858416529934425e-01,4.129314542756244988e-01,-5.637245528039749320e-01
-8.222203955664314501e-01,2.436872114919123034e-01,2.449665711087227749e-01,-5.069431753711297617e-01,-4.710383056183227724e-01,2.320499373576362934e-01,-1.448084341497324123e+00,-1.407463774376555232e+00,-7.184442212524360105e-01,-2.134471517118472494e-01
3.109075655980045871e-01,1.475356216949551991e+00,8.576596232020193833e-01,-1.599385299634271118e-01,-1.901620790268883018e-02,-1.002529364637808840e+00,-1.851313599238990290e-02,-2.886586389201378777e-01,3.227185603380894885e-01,-8.272309435523229615e-01
5.193465142411722857e-01,1.532738913002577696e+00,-1.087601484568575944e-01,4.017117220989414594e-01,6.901439917111125144e-01,-4.012204718858362607e-01,2.240924818104167715e-01,1.259240078179485987e-02,9.767609854883171905e-02,-7.730097838554664813e-01
2.451017425894269630e-02,4.979982912454494759e-01,1.451143607795041701e+00,9.592708260852068625e-01,2.153182457511556347e+00,-7.673475628880495059e-01,8.723206367206781664e-01,1.833420057383517432e-01,2.189802933217672276e+00,-8.082982853551514690e-01
-8.397218421807760569e-01,-5.993926454440221541e-01,-2.123895724309806887e+00,-5.257550216807610477e-01,-7.591326615536979627e-01,1.503937864762076304e-01,3.417559757771594375e-01,1.876170839215886232e+00,9.504238381860502516e-01,-5.769036556624030920e-01
-8.984146713483579516e-01,4.919191715065057147e-01,-1.320233207020642174e+00,1.831458765854353743e+00,1.179440120721287011e+00,-4.691756521047047990e-01,-1.713134529090877933e+00,1.353872374165413284e+00,-1.145398452526178862e-01,1.237816311973461758e+00
-1.594427658794367098e+00,-5.993750229537728735e-01,5.243699718183165819e-03,4.698059376474205545e-02,-4.500654714792436395e-01,6.228499323474987470e-01,-1.067620429382594383e+00,-1.423794850212934948e-01,1.202956317118988594e-01,5.144388340587490172e-01
7.116148780888895686e-01,-1.124642091837869007e+00,-1.534114170735622285e+00,1.277676821898509063e+00,3.323140119795916503e-01,-7.484865365565536166e-01,1.551151975522522930e+00,1.156746342928586663e-01,1.179297184063826442e+00,6.751848141010895199e-02
2.060747924881987103e+00,1.755340842443204430e+00,-2.489641484790734993e-01,9.715709509543554168e-01,6.453759495851475458e-01,1.368631557532348664e+00,-9.649234605801044751e-01,6.860514599984393058e-01,1.058424486849587787e+00,-1.758739486423114284e+00
-1.183258512665775086e+00,-2.039232177760100573e+00,-2.694068344445576524e-01,7.175422557959620917e-01,1.502357052096028101e+00,7.409478041977518581e-02,1.628615545571291845e+00,-1.380101458214891386e+00,-1.703382439355154654e+00,-5.554769889661877874e-02
3.840654489393072746e-01,-3.269474809409311095e-02,-2.067442100039876607e+00,-8.912003951278840708e-02,-1.304469500504853219e+00,6.696725488300384610e-01,3.665982460968482681e-01,-9.398797863273552489e-01,-5.138669173366935405e-01,-1.059213521888951570e+00
-6.267909727317187707e-02,9.551423205012382622e-01,-9.857260463355437263e-01,5.040465155178444068e-01,-5.302576183724407866e-01,-7.928728322623441738e-01,-1.070303599545578271e-01,-1.035242322419374084e+00,-5.536493053471820414e-01,-1.197877892588848470e+00
1.964725132916389283e+00,3.526355197172861139e-02,-6.997255079925853716e-01,2.139799107342219564e-01,-1.123280496908296289e-01,-2.209695995332225937e-01,6.141667000434252177e-01,7.575077100473051050e-01,-5.305011476105274681e-01,-5.758182406446800128e-01
-2.750516971516440146e-01,-2.301921164735584835e+00,-1.515191062198552041e+00,1.366874267444524449e+00,1.644967713501283679e+00,-2.490360395563783191e-01,5.765569630557664249e-01,3.112501545435361061e-01,3.078880808455237705e+00,1.119574911434576769e+00
-1.279175914807665349e-01,-9.555404406004257556e-01,-1.606446320257572502e+00,2.034636358672231027e-01,-7.563507452843033496e-01,-1.422253709597674165e+00,-6.465728842425266798e-01,-1.081548003614395181e+00,1.687141635072564760e+00,8.816397569494505149e-01
-7.972641316617375476e-03,1.479944138890026295e+00,7.736830764761830348e-02,-8.612842013282636655e-01,1.523124077269657262e+00,5.389100436846586684e-01,-1.037246154326456393e+00,-1.903386780836081871e-01,-8.756182533847574057e-01,-1.382799730964336282e+00
9.261775475316413875e-01,1.909416640470130488e+00,-1.398567573819141208e+00,5.629692366905708623e-01,-6.506425691218271634e-01,-4.871253837646962181e-01,-5.923939242388691628e-01,-8.639907696798160286e-01,4.852162794482699215e-02,-8.309501164110377758e-01
2.704568257798388164e-01,-5.023810944913695287e-02,-2.389480468664097468e-01,-9.075636620415978850e-01,-5.767713305683327407e-01,7.553912258257560186e-01,5.009171876243807553e-01,-9.775552447985510485e-01,9.933230542922587281e-02,7.513871233717890341e-01
-1.669405281121371765e+00,5.433601923799350475e-01,-6.626237589458466859e-01,5.705986685931593305e-01,-7.632591565425168589e-01,-1.804882100664519040e+00,-1.627542437883162663e+00,4.808494666138199425e-02,2.597225017214818688e-01,-9.043166251044085779e-01
6.385924587773739169e-01,-1.661520062268959874e+00,-6.607979864731657049e-02,-1.211016199762456447e+00,-6.518361078021591704e-01,4.739867131641401637e-02,-8.604133652839524027e-01,-3.845555442298253523e-01,1.006292809214440531e+00,-5.768918695231487481e-01
8.356921120651418233e-01,-1.129706854657618109e+00,5.298041779152827813e-01,1.441568620657900368e+00,-2.471644500127289312e+00,-7.968952554704767932e-01,5.770721271805400177e-01,-2.030453860429926871e-01,3.711458733713088320e-01,-6.039851867158205767e-01
8.658978747289991507e-02,-1.556772353920794771e-01,1.167782061659807358e+00,2.544208433012131176e-01,3.376026620752021756e-01,-4.118769661224673806e-01,-4.876062240724935437e-01,-4.325581878196209096e-01,3.944521423782968439e-01,-4.209844808202629629e-01
2.897748568964128579e-01,2.075400798645438361e+00,8.711247034316923488e-01,-3.260235321678411347e-01,1.201213922163944847e+00,-4.080753730215513908e-01,-2.038124535177853858e+00,-1.008086310917404083e+00,-1.870791921025855675e+00,-3.515134840413086659e-01
1.841837918955169934e-02,1.676437312275282698e+00,3.269273737641626432e-01,-2.191005288088642422e-01,8.294055811834891712e-01,-2.211135309007885130e+00,2.356145581085659357e-01,7.708651938869668374e-01,-1.478586245779841546e+00,1.143754043206929083e+00
3.384964074944141199e-01,-4.152879139008012754e-01,6.327818661062848404e-01,2.270692857804395892e+00,1.818662550584951576e-01,2.482205863003360824e-01,-4.593608995402441164e-01,-8.498443694647918045e-01,8.303358165442455974e-01,-8.560838259088672242e-01
7.156623721939246729e-02,-4.776574467651166778e-01,4.789798257463920295e-01,3.336621052869484516e-01,1.037539944257899416e+00,-5.100163988547471439e-01,-2.698749352933712542e-01,-9.787637157823073641e-01,-4.442932600761113626e-01,3.773004930448519700e-01
7.569886166453518861e-01,-9.221653241776254228e-01,8.696059201056601795e-01,1.355637858804950913e+00,4.134349032237008559e-01,1.876795812558065935e+00,-7.737891991035730221e-01,-1.244654703311417032e+00,-1.778720248904278600e+00,1.496044311489183043e+00
6.543656563540577453e-01,-5.558467091045506819e-02,2.799686263198202796e-01,-1.125489047298376510e+00,2.445751979616826333e+00,1.292211819752275004e-01,1.093947946048929309e-01,7.257666238986922869e-01,4.810092317367132275e-01,2.238840242791313717e-01
-7.904744554453119187e-01,4.714683571359957193e-01,1.882024496475033670e+00,1.345420046154977678e+00,1.593186626639397252e+00,-5.112156764311852619e-01,-9.896048202585808751e-01,-1.257869200996481474e-01,5.572491228869460439e-02,1.094191518470948532e+00
-1.692464629714819369e+00,1.529550319460613705e+00,-1.580078985789894197e-01,-4.268810699474200332e-01,-1.012104375260167721e+00,-1.654856671865769790e+00,8.231705839619145593e-01,7.331796718840388749e-02,-1.289960899741053879e+00,-1.295078772063616102e+00
-3.357846992901282190e-01,1.669021525289392960e+00,-2.595913513636047831e-01,-1.503142953118106195e+00,-2.457430640859440685e-01,-2.727235697476702025e-01,-2.696886642941571655e+00,-5.429486651781220696e-02,-2.309345302086779628e-01,6.962063648134183547e-01
1.848956094945345185e+00,1.126565029547757391e+00,-2.688886905548305006e-01,-1.106525908741670117e+00,2.573359803249860356e+00,5.921843401448825817e-02,1.392929191294620291e-02,-2.412508711000327724e-02,1.980847607678553335e-01,-1.443604119239427497e-01
-5.736620068802362749e-01,-5.468589412403921379e-01,-3.275327021599838684e-02,-5.434247711337649722e-01,-7.128457826771643635e-01,1.064302276918968337e-01,-2.549772174208552178e-01,1.503992988582688373e+00,-2.650969808393011995e+00,1.091506851922461774e+00
1.246085192497629057e+00,-2.073390232408149458e+00,-3.426875940803487675e-01,-3.714408659957914582e-01,-1.407511694717821227e+00,-7.778166875908752997e-01,-1.110575845465828770e+00,1.752270443423622703e+00,9.356783931474611515e-01,1.271555094994158752e+00
7.216720640432349176e-01,-1.129051771217228994e+00,-5.245202662797736615e-01,4.893745612279180590e-01,-1.222127808891945389e+00,7.129984301723880646e-01,-2.403253981581348619e-01,-3.748208075495972347e-01,7.109599682034917212e-01,4.442633114860399246e-01
-3.609661658190799205e-01,1.159329803364248068e+00,-1.081063327599897317e+00,6.159356069442637471e-01,5.931012579683837549e-01,-3.095464393139902848e-01,3.261330222421179870e-01,-1.251113576385303183e+00,9.240270192069010013e-01,-1.849021364429890291e-01
-5.227230205190395163e-01,1.049009225836889270e+00,-7.043436905427592487e-01,-1.408461296363559656e+00,-1.556629173523903731e+00,6.060099513456396192e-01,-1.280429352496283091e+00,1.754794181984364654e+00,-2.081929407883722050e+00,1.696456368290038208e+00
2.110174672026184084e-01,-9.671311187039238755e-02,-5.449190868089495154e-01,3.991361143520707477e-01,-3.763470242484837774e-02,1.103301882016521906e+00,1.142276486620396464e-01,1.503017614618775977e-01,-3.636122122138558677e-01,-5.694562372106745651e-02
3.078017688920591799e-01,-1.710168392656625347e+00,-1.348185422105713016e+00,7.432640940227149828e-01,1.708654381279418599e-01,-1.839833363526791332e-01,1.843393306539315921e-02,3.475817053616710450e-01,-5.397596803093615003e-01,-7.783047254023126582e-01
1.958452550976815532e-01,-9.783727776150320521e-01,4.082527557144718378e-01,-1.702583604237840387e+00,1.029155637325643635e+00,4.725974824130430019e-01,2.560297343138756565e-01,9.826909839455139073e-01,1.665474444462576642e+00,1.014370065018130429e+00
-1.840874231331645294e+00,-1.279576966735701538e+00,-6.248185776956788340e-01,2.609105021083378551e-02,5.176590204691230435e-01,-7.257438131534655890e-01,1.867667644770783231e-01,-7.553829323533225448e-01,-6.115178029919482450e-01,-1.406661096848222270e+00
-9.232332461109042931e-01,-1.351684605616333634e+00,-9.758732529773327391e-01,1.053641796607839520e+00,-9.493988888319430108e-01,2.632382064837390789e+00,4.933179008808892263e-01,1.848361236948738995e-01,-8.583577801812133368e-01,7.003098794089911427e-01
-5.756378262377739308e-01,1.220098146453614391e-01,2.560084538268794674e+00,-9.605989972464987203e-02,1.149273326285675800e+00,-7.031764251258874054e-01,-3.498849049696169805e-02,1.770800635635509934e+00,-6.269670577877674011e-01,1.812448557996928722e+00
7.077519354554754338e-01,-5.624667758942676343e-01,6.324077390555208344e-01,9.725544496267296557e-01,6.218099622171964214e-01,-1.570224719890456422e+00,-7.271371758248685868e-01,-2.475186355515047454e-01,-7.443342910004628610e-02,6.206720975506779814e-01
1.777010009332538332e-01,-1.335344358710101265e+00,3.801978510059632055e-01,6.105857452838231447e-01,5.597904479310398251e-01,1.080780725554621791e+00,8.339221545489040599e-01,4.591800792284366772e-01,-7.016571145864700099e-02,-1.660960933515990945e+00
4.296182191325858546e-01,2.076876871631111454e-01,2.715788371953735125e-01,-1.276748575820309650e+00,-1.081056540408262379e+00,1.053152853332903538e+00,-3.955515385665504119e-02,6.815006973726244199e-01,2.831837613045930929e-02,2.975613949574323555e-02
9.382838059759976979e-01,-5.160447282173739048e-01,9.612077694098343505e-02,-4.622752887050427528e-01,-4.344962274323155849e-01,-3.091721234686393704e-01,2.221337716337127566e-01,-4.787486216634770919e-01,1.255756125573520787e+00,-8.946073022195039082e-01
-1.868716441613590407e-01,-4.397310582741749130e-01,1.446977884353732868e+00,1.965547765115746304e-01,1.031844539468634858e+00,-1.485560373036971971e+00,2.670502658692588405e-01,8.896307956234370540e-01,8.228398927542418528e-02,1.065480375065351204e+00
-5.172884501003721658e-01,1.409347440185579892e+00,2.298898123619250278e+00,-3.628385604396590636e-01,-4.455025214007717893e-01,1.453384477117700913e+00,1.579572145730712363e+00,-5.228600271532682919e-01,-4.201868170958575344e-01,-2.817846088605073795e-01
-1.344450511034277040e+00,-9.186519464841982341e-01,-1.004140766752067870e+00,-7.677975651041284433e-01,-3.468488738678110472e-02,2.342147325365202259e-01,1.550500492814076869e+00,-9.983540407387909710e-01,9.843223984765837598e-01,-2.139888442255089562e-01
-4.946370965243293560e-02,6.748194921666035295e-01,-1.122722021562298611e+00,3.824097461840506029e-01,1.664522082130559799e-01,4.924512640081488146e-01,2.891686439078181015e-01,2.455300139910894242e+00,-6.377399842513159500e-01,-5.309969550018176498e-01
-6.231405264247643627e-01,-5.554771191602546621e-01,-6.373871273065176979e-01,1.189016531107551788e+00,1.420504247989854862e+00,-5.707462937494762745e-01,-8.323555731042286965e-01,4.714155563864040888e-01,-5.522230442809715756e-01,6.329318177555111058e-01
2.029230208512997069e-01,-1.515744114997231939e+00,1.547505201330061642e+00,1.795877673095521709e+00,-6.127886904843860005e-01,-3.877015599359840414e-01,2.858653907249051329e-01,3.344567899870251604e-01,6.585442726728304441e-01,2.010204538766349636e+00
-1.769472274940493972e-01,-7.982972445384537430e-01,-1.379319228014527221e+00,-7.309300399419190741e-01,-3.312697287379709477e-02,1.794557863517787677e+00,-5.176112990361714239e-01,2.237879516388985024e-01,-1.642289607275207453e-02,1.188393273448083987e+00
2.526932425873621657e+00,-5.308687729203206418e-01,-4.894394425182221342e-01,1.044160877069072013e+00,6.818914896263114089e-01,1.846707325736033578e+00,5.839281853259639110e-01,-3.592920907870595371e-01,5.906548306923092850e-01,1.108703580582907744e+00
8.204821811973642687e-01,5.072740311072978514e-01,1.066674689589153902e+00,1.169295590445672772e+00,1.382158991037527151e+00,6.487098875896426531e-01,-1.671180803168543505e-01,1.467136864333228319e-01,1.206508966508356817e+00,-8.169356709872360733e-01
3.686733088729011731e-01,-3.933388123273606762e-01,2.874482293481748704e-02,1.278451862607298706e+00,1.910990680199033398e-01,4.643654815614881026e-02,-1.359856140979919248e+00,7.462535660272207050e-01,6.454841811410754193e-01,2.163254723305460203e+00
-3.077782349530005512e-01,2.191503276639387710e-01,2.493836837107552551e-01,1.577453279763474381e+00,-9.529553238695209760e-02,2.790215257703392293e-01,6.078965097165391906e-01,1.866091231563581088e-01,-4.464336145505282682e-01,1.940899928983075839e-01
1.073631749859772055e+00,-1.026515299411060234e+00,1.329696741468759935e-01,-7.001208149391732194e-01,1.195046628924842480e+00,-1.523186904783774720e+00,-5.589218472715883346e-01,3.772118750645208629e-01,1.565524029234340420e+00,-6.575026107298780065e-02
-5.551995266931982753e-01,1.881157069440589913e+00,-1.448013900416244004e+00,-2.198805956620081936e+00,4.400144500533323955e-01,-5.020542243526111559e-01,-1.021232817130713233e+00,7.083564472993533201e-01,2.438007137711988292e-01,-5.640786307367283703e-01
-1.280304398670894406e+00,8.724573282801446616e-01,6.502011779586609475e-01,-9.917586377938290843e-02,1.846636996047665846e+00,-1.070084766326152570e+00,-1.525525170924738827e+00,-6.919080698812444252e-01,-4.558601635549780484e-02,2.433394493226918309e-01
-2.412360578563298719e-01,3.520553965142967923e-01,-1.251539424190444283e+00,1.443764604073259683e+00,-8.215117839256882992e-02,1.117295831588127841e+00,3.427253463777041320e-01,4.567532191537839181e-01,5.697672802322036878e-01,4.477085600173147939e-01
6.427227598675439024e-01,1.329152530132431398e+00,1.965211697014701275e-01,7.090037575885123067e-01,-8.973569428722671937e-02,1.440117215449472798e+00,-6.763923020592697011e-01,1.800940432910815625e+00,-4.015795064434340977e-02,-1.430775102118048148e+00
1.281044149107892771e-01,-6.810516574748808338e-01,8.406435489887242873e-01,-6.526239793023911329e-01,-4.461834332147797122e-01,-1.889540730945530989e+00,-4.523063192490767159e-01,-2.423879326628956665e+00,-1.583902823485723310e+00,7.604146561442973740e-01
7.858001586508321923e-01,4.254575617849647440e-01,-9.669761431292129839e-01,-4.771135614197985486e-02,-3.602539090568403126e-03,-1.158364689192542318e+00,1.503398301767150613e+00,8.773622905756713886e-01,-2.209641738296639346e-01,2.688583899453077936e-02
2.083828079475524842e-01,-2.041734868424290639e+00,-2.471773825205969277e-01,-6.819842479977985539e-01,-1.001620009894915508e+00,-2.811002928859548944e-01,1.797686526849522570e+00,6.408428612670098445e-01,-5.711789897827967977e-01,5.725827813561585877e-01
1.399355436586002144e+00,9.246336829127688173e-01,5.963036992017412691e-02,-6.469367777055738955e-01,6.982233136135900242e-01,3.934853854217497116e-01,8.951932200277322726e-01,6.351718016819695167e-01,1.049552715319335139e+00,-5.352352115605679694e-01
1.317394065634325706e+00,1.975996046923996496e-01,2.075260872625265485e+00,-6.891878180895678607e-01,1.735963803165249342e+00,1.979107834626477880e-01,-6.514180036144483488e-01,-4.838858340543215619e-01,-3.203473081943201684e-01,4.241659464019164050e-01
5.228354880354996181e-01,-5.737000039385790062e-01,-2.435459226098284080e-02,2.142270358611863657e+00,1.727543170100711345e+00,4.363236696740320775e-01,3.800347816820028729e-02,1.200313267182613053e-01,6.135179727304166386e-01,-1.022792565198405557e+00
-2.573765374233451531e-01,-1.668584073877589891e+00,3.992231226052792570e-01,6.471959397027410299e-01,-4.831864622993738978e-01,1.573986763290032620e+00,-1.225765663002341022e+00,-1.464374880209819985e+00,2.244518185599719828e-01,1.047098302612154530e+00
1.683927691457868692e+00,-4.588842628689400183e-01,1.078680833431295616e+00,-3.850846950070720837e-02,-1.726272999408196285e-01,8.836599374866723755e-01,6.523228784134196268e-01,-1.576392156984249393e+00,1.476540349725895762e+00,1.380091354147451543e+00
-6.255627015095294174e-01,3.958035334374090386e-01,4.940301862827388146e-01,2.606737658239071109e-01,-5.503051538454201141e-01,-6.716233679380515520e-01,-2.555407099144527822e-02,1.172729019259364680e+00,5.436001545944323388e-01,-3.706143320861059465e-01
7.716987106483447212e-01,-2.848542620630075461e+00,1.148765700372103460e+00,-1.739713778778099629e+00,-3.624409414031321552e-01,-1.119669894626143858e+00,-1.294681475720905528e+00,1.160826787378519187e+00,-4.677012013118913569e-01,3.465038817307157792e-01
-4.692057887918407028e-02,4.770408272231214664e-01,7.682189106025535952e-02,-1.282992224188569619e+00,9.962668194471400174e-01,-4.937565831613124900e-01,-1.556581898659751051e+00,-4.281151609659125112e-01,1.500759790634310864e+00,8.502217421134928843e-01
-3.486521344078591933e-01,-3.492577043184287855e-01,-3.216350512173826171e-01,2.076747983560840893e+00,3.819354522315533407e-01,4.300416471910696314e-01,1.030283454031842183e+00,2.387891590265135144e-01,-2.590421458207031180e-01,-1.963498490849782674e-01
-7.160125941406395023e-02,-3.722223650984159138e-02,7.276295436369798475e-01,5.194588580729943283e-02,7.326400772155792218e-01,-8.071658010858231980e-02,7.863519031609059184e-02,-1.998200684532107640e+00,9.163276747024814428e-01,3.464884758979926982e-01
9.980101098596522169e-01,-2.896255378193689278e+00,2.088374704780727509e+00,-1.395896281551737561e-01,1.108182816737516507e+00,-1.039905927125530871e+00,6.127739050625696793e-01,-1.053415563173656144e+00,-6.237689606958051192e-01,1.914031353866786134e+00
-1.906824007633465823e-01,2.174328731797228742e-01,8.700677306887538709e-01,4.956818879726044846e-01,1.504189051435762814e-01,3.649610024662250929e-01,2.403415585238275032e+00,-5.761879703358539079e-02,2.010990467149675054e-01,1.050654396007612013e+00
1.105525932957983848e+00,1.187030305560380139e+00,6.387302220291846133e-01,-1.143004912730483547e+00,1.633431532301095945e+00,-1.146345393018687986e+00,3.026354652390332300e-01,-7.542758500193579296e-01,-6.413834659299262608e-02,3.287624103034807455e-01
3.213572154502730704e-01,4.219207542352847451e-01,1.613711269058647035e+00,4.535343015139798317e-01,-2.441566352906487658e-01,9.640871682883576099e-01,1.189470488924640579e+00,-1.227607815136992464e+00,5.974000698498580508e-01,7.011727423108983226e-01
-2.975635033599919876e-01,1.375706813311619703e+00,-1.500555870325271657e-01,1.255764534715426151e-01,-1.730718242838696075e-01,1.557904758146753423e-02,-1.096275086895201811e+00,-1.440050882594294368e+00,1.594505063224972208e+00,-8.469613483183278113e-01
-9.913923494563071648e-01,-2.153390113603714795e+00,-6.389617476895023129e-01,-1.323089793407498549e+00,1.642015160136369056e+00,1.009817089342634144e+00,-6.881503451777237768e-01,2.252435805344308761e+00,9.817654869915942717e-01,-3.248313835086224510e-01
-2.499405714873572659e+00,2.290942572590741300e+00,-1.389572466763596026e+00,-1.645398746956891811e+00,1.022570432009640262e+00,2.439752406339272817e+00,1.384272818510518199e+00,5.639091200523596026e-01,5.947543416652859571e-01,8.534155587803077259e-01
7.589285897867651398e-01,2.811914239693757978e-01,1.042011039518760673e-01,-6.259312789952241329e-02,-7.539645888666762774e-01,-2.806750768667740648e-01,-1.692956814195385462e+00,-9.833962679474989033e-02,-9.885911071509175807e-01,-1.103589317215771137e+00
1.798941511534784543e-01,1.392002286344599327e+00,9.183166060023132404e-01,-1.570500603623177449e+00,-9.896281365703375466e-01,9.407711879882159067e-01,-9.824873935383096057e-01,-2.246331499970246059e-01,5.500520990245518771e-01,-9.683444548636352955e-01
1.053755061459599046e-01,-1.334025494918204435e+00,-6.013676439512137817e-01,3.197819341425370276e-01,-1.592993733531669287e+00,4.404747379603989876e-01,-1.963779892668122626e-02,5.524899544171479882e-01,2.239141340646614298e-01,1.364140429973844215e+00
1.252245026479072709e-01,-4.294055411252529764e-01,1.222975030322838441e-01,5.432980290363882414e-01,4.886007032570433006e-02,4.059169120388238239e-02,-7.019916878067555821e-01,-6.629009175509483764e-01,-1.402605271799693520e+00,1.749576743186939343e+00
-1.243863235391285071e+00,-6.929051977959073128e-01,-7.184072655691974285e-01,8.949243769444412688e-01,-2.949496782920277838e-01,1.247742072673733826e+00,-6.734906242438685187e-01,2.789941622238019669e-01,-8.353470532597573328e-01,2.145149127773388287e+00
-1.187598419029512797e+00,3.098207102270275071e-01,6.337768809320984964e-01,4.137990974514982323e-01,-1.852876588777082889e-01,-1.298206997334261648e-01,4.381147197910959662e-02,-1.470020016284886155e-01,9.638791167949096739e-01,2.210523001591351289e+00
-5.574917850078336956e-01,-1.369802979579078039e+00,-8.828204835125480487e-02,2.579709337654318091e+00,-8.036745679697308020e-01,1.639116805444067460e+00,1.677700814076440672e+00,-5.535882417079945883e-01,5.689830791852753533e-01,1.628396623128538057e+00
-3.791277409874870830e-01,-2.035803601023617737e-01,-5.816809139486437408e-01,-1.014756730692866871e+00,-6.492775450660071002e-01,-1.223940266762256535e+00,3.408346825922606294e-02,-7.699732310586414608e-01,2.337859117907477025e-01,-1.555895646203627303e+00
3.308802322144570596e-01,8.335289616089246456e-01,-1.993735642571455413e+00,3.740565698475721290e-01,1.227668992473292198e+00,-1.209641018691205439e+00,1.672572386837703373e+00,4.190190093660451920e-01,-7.050118557584088563e-01,-5.576907765770600794e-02
5.583269125217223960e-01,7.600539141241149932e-02,5.387559924463691807e-01,-9.206735930793662481e-01,1.693608240360779948e-01,-1.413714496904980189e+00,-1.112260613487003197e-01,-9.039076414647897462e-01,-7.355299425897665611e-01,1.236093175210437378e+00
1.091310120594269018e+00,6.091381209071770053e-01,-1.092312764672578984e+00,-3.164084496948019187e-01,1.213097699979183375e+00,1.417169136399047402e-01,2.319329539981694221e+00,3.933178393943718709e-01,1.920491164900315906e-01,-3.091164642025013842e-01
1.335409047822819217e-01,-1.524698363805434831e-01,7.081086766885904549e-01,9.567023167945840623e-01,-7.859894605079494889e-01,-1.331232953557778043e+00,-1.836205373103296568e+00,5.079913269125436726e-01,-1.103366606173873610e+00,-2.152890592952482862e+00
3.885786045309641001e-01,2.492999517432790579e+00,-6.070911539893323640e-03,8.384907744516418848e-01,8.182935854756501204e-02,-9.888965319114266517e-02,9.190764829877685616e-01,-2.902745441886513400e-01,2.673923140719029479e-01,3.216978061960136248e-01
-6.680904536430487539e-01,9.920423495365228161e-01,-1.749597566954086414e-01,-7.557451594928447092e-01,5.365098435704035440e-01,-8.984679817910372623e-01,2.818115736912824715e-02,-9.118996644203543681e-03,1.085895565831578091e+00,4.746982328799527751e-01
-2.502695874514391725e-02,8.177662992002870945e-01,1.390207549017313360e+00,5.578103063518622395e-01,1.035261984338060708e-02,-1.311836232350159559e+00,-1.065113663075372585e+00,-3.052247043546676419e-01,-6.095122021592831452e-01,-1.869713029854460085e-01
5.664992489710716367e-02,5.296927543567307994e-01,-7.049877805909121609e-02,4.865016438262019238e-01,6.447441481012024245e-02,-1.975466566353871301e+00,-9.393353938187543051e-01,-1.440875557216154679e-01,-1.209694742841107562e+00,5.999287299962045017e-01
1.530750832343697354e+00,1.218761851697316656e+00,-2.134428709302080007e-01,1.490726136849952033e+00,1.486674572021117191e-01,-3.370859711180396734e-01,-6.134026635409397521e-01,-3.024696864881283309e-01,-3.881768185412287631e-01,1.704162223754877026e-01
1.605739810498645892e-01,3.046020153414469474e-03,4.369381697463498582e-01,1.190646274786341330e+00,9.495541354413237212e-01,-1.484897968449903516e+00,-2.553921134901954826e+00,9.343199112392737149e-01,-1.366878698415421090e+00,-2.247654018926835418e-01
-1.170113026059359518e+00,-1.801980437580019689e+00,5.414627282047880241e-01,7.591551603026468475e-01,-5.765104007267194408e-01,-2.591042292144909887e+00,-5.462444482524827505e-01,3.918040054025465069e-01,-1.478911568774128549e+00,1.833599197791556112e-01
-1.530984917299555749e-02,5.792914996010883888e-01,1.195803684141532597e-01,-9.730689408815554886e-01,1.196571501664491333e+00,-1.585295730269700165e-01,-2.730453950993185983e-02,-9.332679590731960406e-01,-4.432822511915103236e-01,-8.848027140269009161e-01
-1.729460599234230178e-01,1.711708480142343669e+00,-1.371901142931356343e+00,-1.613561397876741133e+00,1.471170327493608543e+00,-2.093236771518661166e-01,-6.690727386599165660e-01,1.039904687396076444e+00,-6.056155397368641058e-01,1.826009713546936197e+00
6.779258713392690705e-01,-4.879114081457026630e-01,2.157308213265503483e+00,-6.057149230033384013e-01,7.420953720093069750e-01,2.992925804064919260e-01,1.301741289398798074e+00,1.561511196726852679e+00,3.200414906576662388e-02,-7.534178703461834603e-01
4.599721429391164240e-01,-6.777153697521061115e-01,2.013387247526623014e+00,1.365353310827374378e-01,-3.653215513121086944e-01,1.846803058649084117e-01,-1.347126289529696486e+00,-9.716140385106515343e-01,1.200413907944425373e+00,-6.568942789713957398e-01
-1.046910982681939606e+00,5.366527525272861698e-01,1.185704154662996945e+00,7.189533106650667360e-01,9.960476858058163740e-01,-7.567950885694607610e-01,-1.421810666741843754e+00,1.501333651955486737e+00,-3.226798388421357466e-01,-2.508330164550473529e-01
1.328194141849057930e+00,5.562300094006599194e-01,4.558877720816076340e-01,2.165002344901084008e+00,-6.435182303801429970e-01,9.278401280812371699e-01,5.701312489708459247e-02,2.685922788632573721e-01,1.528468426412531667e+00,5.078357562896237409e-01
5.382960790496329473e-01,1.072507337309802189e+00,-3.649527295428853235e-01,-8.392096673390063710e-01,-1.044809194021033560e+00,-1.966356589376001773e+00,2.056207129940322176e+00,-1.103208365721683126e+00,-2.212536235857719968e-01,-2.768132998889206720e-01
3.074066978091006819e-01,8.157372125392965412e-01,8.604734883597453532e-01,-5.830774385689384554e-01,-1.671217137864114965e-01,2.825799504882996471e-01,-2.486911261835470788e-01,1.607345576019992617e+00,4.909749516382513335e-01,7.348777860498174608e-01
6.628812686674127042e-01,1.173473857485324956e+00,1.810215587037069529e-01,-1.296831947955846553e+00,3.996879517526416015e-01,-6.513568937918290391e-01,-5.286166817497568449e-01,5.863640187550932525e-01,1.238283071433635696e+00,2.127157673606164950e-02
3.088330125989637853e-01,1.702214944635237925e+00,2.407531794885682530e-01,2.601683114180394885e+00,5.655096456315441555e-01,-1.760762759155817703e+00,7.533416211045325106e-01,3.811583848827777565e-01,1.289752754082745811e+00,6.731813512699584834e-01
-1.384559839837738171e-01,-1.224298236289365738e+00,-2.090232572860251936e-01,-8.505204542092997810e-01,-5.805234498047227021e-01,5.885784044206096022e-01,1.669904504351406249e+00,3.946715298229810931e-01,-1.195883062035184352e+00,4.446026682201407176e-01
1.196631486645651110e+00,-6.097829043193822018e-01,-1.340171666729176869e-01,1.468819472919709324e-02,-7.848983130822400067e-01,6.482804338438590275e-01,-1.209481486077815665e-01,4.195324439070277633e-01,-8.874921778021001018e-01,-4.374583003234104317e-01
7.223813578277713532e-01,-3.728331520917669839e-01,1.726963851233405123e+00,-3.996361856146023461e-01,2.246847257518859164e-01,9.325908318730898872e-01,-1.418365732933031698e+00,-1.760808811980775879e+00,-1.525656314570094763e+00,1.262584103427182081e+00
-5.518581458924467498e-01,2.558199285668252276e+00,-5.642475986573886049e-01,1.845513031970369699e-01,1.542109952567875641e+00,2.006092888159122900e+00,2.061503576636397828e+00,1.208366230593142410e+00,1.024062525811462399e+00,5.925269492011830952e-01
7.783610761666377442e-01,-5.511857163285334149e-01,-8.181988834223071771e-01,-3.374457410952051446e-03,-1.701846225249284417e-01,-4.532280493272751731e-01,6.963874474567154360e-01,9.553052085705108221e-01,8.840688629184734193e-02,1.477530081055261624e+00
-1.141689114133505045e+00,-1.936594592797181158e-01,-7.168223206028049299e-01,-1.866536617073059956e+00,-8.268068584269924748e-02,-1.217475083832835342e-01,1.513449743242130996e+00,6.308116845547775409e-01,-1.024186824329204937e+00,1.854092566334188286e+00
1.221033695525352902e+00,5.820977034686157792e-01,-2.264840988498318664e-01,-9.594392367234795271e-01,-3.722067760710529027e-01,1.088748619704185794e+00,1.884586305934608630e+00,1.543243528272188803e+00,-4.888494217862741076e-01,-1.119617433289011199e+00
1.408862469112039384e-01,-1.768439365562851640e+00,3.231677141847814627e-01,-1.476025862986686810e-01,-4.660365018682422478e-01,-1.594703067266795449e+00,5.136001065697165524e-01,-5.327008396619113961e-01,-1.169916835710288039e+00,-2.872262213281649323e+00
-2.751490505063625483e-02,1.772251596669744078e+00,1.661259214547869956e+00,-4.570962565862718430e-01,-6.022120603617805434e-01,4.687742560750237653e-01,-9.983854391882914792e-01,3.017918998194659697e-01,7.660802783846902830e-01,1.226933223884307589e+00
-1.001540764799527805e-01,-2.036737501769658731e-01,-8.779825867565610453e-01,-8.268803540398600438e-01,-2.264788919015267576e-01,3.673655068161780779e-01,9.135846262332494305e-01,-8.031789506803448386e-01,1.492688568959521733e+00,-2.711236010425687737e-01
-2.136729434843615688e-02,-7.472116791478233822e-01,-2.424240260272941594e+00,8.840453963610497290e-01,7.368438970924333642e-01,-2.813275571182133894e-01,6.699071722487191793e-02,5.159392177040994509e-01,-1.562545856886542683e+00,-5.290526773462947974e-01
7.942646796218271188e-01,-1.254289423169249407e+00,2.935579321666292874e-01,-1.356581804623405052e+00,4.664299824335263467e-01,-3.564148229748356766e-02,-1.615131815905509471e+00,1.164739354457171361e+00,-7.345915767980489841e-01,-8.102524370143807664e-01
2.005691972309428528e-01,1.148637349428715204e+00,-1.015821818978396962e+00,6.167984984797165310e-02,4.288165003305729472e-01,6.931056072631440745e-01,1.764415552772251872e-01,-3.670278390833223159e-01,-8.275902206487196766e-01,8.614388304637475569e-02
-1.072139011985606905e+00,-2.921350483494607353e+00,4.365598041576678190e-01,9.039348410861952621e-01,-2.362932435541838405e+00,-1.009730704709937532e+00,6.191542610051977702e-01,2.057495469711698721e+00,2.079370767540788742e-02,-7.280029412291342261e-01
-1.828964411048401573e-01,1.374876419148184814e+00,-6.459641791245352982e-01,-7.991920066502535835e-01,-4.827435221820324251e-01,-9.533286082587123511e-01,1.226703159947955257e-01,1.624678458469560605e+00,3.230792731160290754e-01,-2.523535021262875988e-01
-2.918112689155440975e-01,-1.563190808696657053e+00,8.831097771471589919e-01,-7.783719701280203407e-02,-1.804799135906256513e-01,3.193107567844860828e+00,2.987529083656862428e-01,-7.517910500951843211e-01,-4.263575962055433100e-01,1.148445709196754816e+00
1.132704105377644599e-01,-1.438277978317366701e+00,9.192289345752034935e-01,-6.681440855389939593e-01,1.873297776217545563e+00,1.080048065714648509e+00,-4.473218956587510786e-01,1.281016361735112685e+00,6.785551052740330935e-02,8.527736751222196876e-01
4.847328172944747604e-01,-8.463566549908735359e-01,-6.435498323174618784e-01,1.029960817581161203e+00,-3.347753321065408683e-01,-4.036484632419967133e-01,-9.551225793493529626e-01,4.235990655934610549e-01,2.062524919243144961e+00,-1.067532914254272880e+00
2.421945667275806832e-02,1.412220555415429235e+00,-7.964139124571520401e-02,4.523717962497342260e-01,-1.062393528146879706e+00,4.283070972076485905e-01,-1.871442650045487821e-01,9.857299956798629692e-01,1.187386051564750966e+00,2.589563642018613443e+00
5.796331732135756587e-01,3.257963165821664564e-01,1.943843015773360217e-01,-3.531662928106883426e-01,3.384838434616911362e-01,-2.954014101390294300e-01,1.684609762696142876e-01,1.317597535607959669e+00,-1.006542565279641144e+00,1.139878561129045398e+00
1.317115067339865275e+00,-1.180685269910787399e-01,-2.121854899008594586e+00,-6.078219870944324699e-01,1.296994546561109241e+00,-2.286806229888212194e-02,-9.993022322949107750e-01,-5.047749212282174325e-01,8.406200265045530307e-01,5.467335682013793052e-01
-2.389320991696945173e-01,-3.668244118146878341e-01,-3.917581490438218905e-01,-9.224101844985025389e-01,1.615375689469441767e+00,-3.223204692113398884e-01,1.217158520825496471e+00,1.521316051922451340e+00,9.983108981479603683e-01,-4.316203127180484045e-01
4.037300903366094484e-01,-2.419560639091616547e-02,-9.037018607301281481e-01,3.243592817216029989e-01,-1.179039791159802508e+00,1.187679388461563734e+00,-4.646172972983930727e-01,2.011596558728392936e-01,2.832878715461421559e-01,-2.589049737040773347e-01
5.866938014752747232e-01,-4.749036566225244282e-01,8.712972974572441576e-01,-1.345979680246748522e+00,1.263795795464118243e-01,1.938928999058284752e+00,-1.000331324605574723e+00,-6.777449705248514977e-01,5.139078496589150058e-01,1.795817819395979509e-01
3.506300992735592037e-01,4.891871301476635181e-01,6.347214685617699192e-01,1.109699841956223176e+00,4.098186569285125480e-01,-2.412576546185424553e-01,6.725737012027310779e-01,1.899881934895214952e+00,-1.326337463825735530e-01,-9.745293046706414719e-01
1.107080669286972796e+00,-1.203811639535982414e-01,-2.172669546014036168e+00,8.474216771504216039e-01,-5.353281859539227305e-01,-9.053328230416077260e-02,3.319803305690148809e-01,1.904996797790665941e-01,7.094518171390394867e-01,-4.354863705698433507e-01
5.131057981760827058e-01,-2.595466775839171958e-01,7.388104808875030072e-01,6.153674840130534118e-01,-9.354387020445952272e-01,1.085982116175032042e+00,-5.359634451140480316e-01,8.080577982811451010e-01,3.672873134013405760e-01,1.838183676795122290e+00
-2.234659823718521399e-01,-3.493167961181974923e-01,-1.941960588773258486e-02,-3.031797828342750467e-01,7.999419019420500598e-01,-1.616310608436587914e+00,-1.053682419146354299e+00,-1.067802921579193098e+00,9.503075919735757271e-01,1.710613372581925251e+00
-1.044492185374714943e-01,-1.688217231900106252e-01,7.005216311318136768e-02,1.161878302608190250e+00,-9.273531341905740799e-01,2.383689827347851287e-01,9.751976297824295203e-01,5.010941699398450133e-01,1.895816165987433966e-01,1.001046092567141166e+00
-2.703232292999237174e+00,6.778753195309076274e-01,-6.540756831274238126e-01,-1.830632896856456915e+00,5.112025995249807053e-01,1.373658545162957711e+00,-1.374485146276918368e-01,9.528745472029384045e-01,1.612278257988645436e+00,1.314914453584047349e+00
1.639964529371392921e+00,7.421274910718922424e-01,7.543363890159279772e-02,-1.601965811897168468e+00,-2.460624881299484645e-01,-8.432465953161913941e-01,2.170942717497813756e+00,-1.758858124323366134e-01,1.232048067844857125e-01,5.514853760404676564e-01
4.360244637245372368e-02,1.695051040430753053e+00,-6.226493617344519560e-01,1.946074552372427102e-01,-7.424705856980482466e-01,-1.320022511220705796e+00,-6.117690909052854176e-01,-3.703679704841202069e-02,-4.293022245172599671e-01,-6.924209798738559796e-01
-1.406317463671833856e+00,-8.310557262869476547e-02,-1.504720374031002228e+00,7.600559636896025983e-01,8.243975293450328534e-02,-1.457551499464930567e+00,-3.092090770498634456e-01,-7.521564055905831658e-01,3.191745104191804350e-01,1.340450446023144560e+00
-1.875172469645744577e+00,1.150260791474171651e-01,-1.601327955666403402e-01,6.713400764504653395e-01,2.131966282376891453e-01,-7.519693317388190801e-01,-3.190539356666181603e-01,-7.960258568034890292e-01,1.076007138598598312e+00,2.131164867194221962e-02
1.901190685753007426e+00,-6.066081381462077454e-02,-7.084067669104627818e-01,-1.513714392612827142e+00,-1.803139676255945067e+00,-1.584135943005489766e+00,2.671266510114834181e-01,5.087250232299338482e-01,-1.581190702032133411e+00,8.950383140761154488e-01
-4.830610516834394907e-01,1.467930119855493654e-01,1.612220628255424337e+00,8.968393158655318942e-01,-2.685306479058323093e-01,-8.911922254152874201e-01,-2.151815401329304933e+00,-7.191533192424200971e-01,-2.111302388276943831e-01,-9.871795271511837333e-01
-1.312569670923047216e-01,7.685188295876821396e-02,-2.248559818080785588e-01,-6.500025808234597413e-01,1.686546719667276761e-01,4.419406495694090387e-01,-1.090399077442846032e+00,1.410932379746270060e+00,-9.858813228426173414e-02,1.884962294484766182e-02
7.082144232565573683e-01,2.332161312635017691e-01,9.531366339132451015e-01,2.871241652018242108e-01,-6.124373746404379038e-01,3.615035252061016280e-01,-1.143726207320661770e+00,1.085597057765231438e-01,-3.322999064446079814e-02,-2.081168572725397015e-01
-1.285375114389307460e-01,-1.881849045497639095e+00,-5.487249077409614983e-01,9.284490114111471071e-02,1.598563919974003711e-01,-1.027675140925958130e+00,1.265707840864700451e+00,-8.661748482145006367e-01,9.694572005267367842e-01,4.271943618716848579e-01
-6.462273098438029439e-01,1.775310892609511582e+00,-1.193636831756480055e+00,9.191541736100015125e-01,1.000582318042978258e+00,-6.706202090766448798e-01,1.392465300064328781e+00,-2.500465145989527738e-01,2.886936292798570336e-01,2.603218387712207260e-01
-1.343087414705478044e-01,8.108082731597821002e-01,7.934887205522129783e-01,-1.748531973238180770e+00,1.304340242878152534e+00,-1.662491988035674328e+00,1.032546204341657337e+00,1.126705136827583331e+00,-1.090966430215198235e+00,-4.108142879545848003e-01
-1.105704668485935738e+00,-2.149210302887353263e-01,-3.080342841857412473e-01,7.796605322693398454e-01,1.310308746119608792e+00,1.395683810789956292e+00,-5.621680265783021158e-01,-2.092218737445277754e-01,-1.683438192220950036e+00,-8.058700664961886417e-01
9.648516330974575839e-01,1.615582823548231683e+00,-1.234348871879922038e+00,-5.924642591528942459e-01,-2.640575695892699234e-02,2.801611588196063485e-01,-8.096035199216461420e-01,4.240610444640897092e-01,-4.738393470709161281e-01,-1.445227087827910366e-02
5.462842480036995685e-01,6.422269810937816445e-03,-4.363858905265686206e-01,-1.096098039258308343e-01,-8.836295920533539239e-02,-3.700110298821280286e-01,-2.587960626671023667e-01,1.598647170504716941e+00,5.609194479412387135e-01,-2.954803180291603604e-01
6.969544045107356478e-01,-3.338194897560099461e-01,1.173124637586641317e+00,3.696421921980939107e-01,-1.073021440042288277e-01,4.477169258102773330e-01,-1.570876152068499287e+00,-1.126767468909805281e+00,-1.193925006399055411e+00,1.429430947637067573e-01
1.732514999485091911e+00,2.231300146192632283e+00,6.380511014407571624e-01,5.008444749444569410e-01,-1.801057734152738954e+00,-5.426737997340217445e-01,-7.877837519082389051e-01,-6.208475982511160174e-01,-1.681438185847895506e-01,-4.720905776971272005e-01
-1.979299810375787727e+00,7.479102561175338115e-01,-1.072743025739806511e+00,2.392468641111495375e-01,2.074082669749973462e+00,-9.193845915864233831e-01,-2.530287522746329731e+00,-2.860042218801108205e-01,1.100959634998571079e+00,1.958347454220593864e+00
-1.229549594452416850e+00,4.966992232365217141e-01,-4.653104567800533387e-01,-1.059483543041356557e-01,2.644343347017034773e+00,-1.502970328395153210e+00,2.537396614945734430e-01,4.676931717654331799e-01,1.085786324939347125e+00,9.798315347089543714e-02
3.080505395041021610e-01,-3.916485674217908275e-01,2.691269412451073317e-01,-3.431922754974104928e-01,6.215718898560508299e-01,-3.696103360436339691e-01,3.771003939021864704e-01,-2.926281368497835392e-02,1.126050250772168138e+00,-5.139372358848624117e-02
-1.773032468206881429e+00,1.261921500713991673e+00,-9.057323008626189109e-01,-6.537663386488198336e-01,-5.956612940434921066e-01,1.374438093170817332e+00,-2.135674213978695946e+00,3.137748533659994621e+00,1.056056809066051816e+00,2.232389141291596657e-01
-5.489400061628638833e-02,2.855540748576569365e-01,5.211224283793385315e-01,6.452155859500572355e-01,5.556044660034484828e-01,8.958068125524881742e-02,-1.973384203073260956e-01,-1.512732836535116976e-01,-1.949082803526810126e-01,1.133770096867064536e+00
5.935567222808618704e-01,-2.940388634664280243e+00,6.559007765297609760e-01,1.947361947187748465e-01,-1.870875644589741621e-02,-3.885184530888858290e-01,1.124112719986013476e+00,9.475264621228578488e-01,-7.728776678236091158e-01,4.070522871245351171e-01
-9.716567345412858714e-01,-1.379618164788930290e+00,-6.267172245899651495e-01,8.623934723827587634e-01,9.531250453760866659e-01,5.130854200972929657e-01,7.250957868479971369e-01,5.161782871149583896e-01,-6.414815952229522278e-01,4.319225446739406449e-01
8.004095252276824946e-01,7.542913298135744959e-01,1.188913371474642933e+00,7.083038472010637632e-01,3.514482075415829021e-01,1.070150238316427416e+00,-2.652125924906007307e-02,-8.818746512277181315e-01,-1.630669639437638818e-01,-7.449026448064490769e-01
-6.751782749743815426e-01,-1.445186707155178274e-01,-7.924199209999612803e-01,-3.079615296390402768e-01,-1.893614666953785663e+00,2.132937073729385680e-01,1.205475362224236839e-03,-8.170886310681906295e-01,6.592456684324050631e-01,9.375701376265583864e-01
-1.607559864368974134e+00,-7.627247785662142343e-01,-7.691423497872981185e-01,-9.399031011088645471e-01,8.294748419317484744e-01,-1.938261387728035245e-01,-2.645148413106107599e-01,-2.003862364406753471e+00,6.354180302092263810e-01,-1.239258394853472556e+00
5.993263026632833501e-02,2.773769379581920713e-01,1.360658595838651008e+00,-1.308820399119112077e+00,-3.019512155820825328e+00,1.838495447536948602e-01,1.800511181510853653e+00,1.238946352939437334e+00,2.096594152746257822e-01,-4.916361856320473622e-01
8.071225966373103411e-01,-9.735461997044686511e-01,4.763577693562190962e-01,5.054701591666267424e-01,1.060209907498879778e+00,2.759660038911077695e+00,3.924159671787670334e-01,-5.089636257074987569e-01,-2.557431219199443606e-02,-1.769075904889118256e+00
-6.947131310890581890e-01,-4.092824381131039968e-01,-5.240883979345924981e-01,1.523548720337219997e-01,-8.224199323822005692e-01,1.121030667324471430e+00,2.070649181973595028e-04,-9.300321138626348530e-03,-3.278947165129178498e-01,1.551906838589791338e-01
8.250982646676345844e-01,-8.671302157109002096e-01,-6.581164890752566610e-01,-3.037260287766646583e-01,-1.345870923473214908e+00,-8.192578597214977831e-01,-4.762208735446588626e-01,8.743891807127271987e-01,2.625613290019253032e-01,1.935899113675445815e-01
8.508979621679721994e-01,-1.373717883993966493e-01,3.904648499288895791e-01,-1.032217529324962330e-01,2.653623493996284388e-01,-5.827586576115820760e-01,-2.438817158276429087e+00,-1.342791621863041462e-01,1.422748136099940108e+00,9.262154022415921562e-01
9.653974845911706959e-01,1.236130721806217858e+00,8.865759096143764617e-02,1.973157074055960636e-01,-6.176518954343501733e-01,-3.160728560270497645e-01,6.157711497711415571e-01,1.203884437168816213e+00,-1.394462756809995430e-01,-4.501892648514115858e-01
5.279588565972929103e-04,6.012067489291150757e-01,-1.443854816133541830e+00,-2.296180953137238134e+00,-5.505368494915835464e-01,-1.220712425914158628e+00,-5.081401976473108872e-01,-1.477803188174715288e-01,-4.532484090230133877e-01,1.452467534470745392e+00
3.267447646023200480e-01,3.004743596108283565e-01,6.222071440434019385e-01,-1.138833117780769122e+00,1.039111787420268662e+00,-7.576428653545988490e-02,6.704806172412125509e-01,-1.071857233040155455e+00,-1.553758766016064330e+00,8.178896580250285542e-01
3.764095260975166002e-01,-9.020515543575103878e-01,-8.696630812746943828e-01,1.125434784414769407e+00,-1.189411892867327847e+00,1.642672953255963408e+00,-9.006207346478687370e-01,6.383919256083829818e-01,-3.286184757489846175e-01,6.031874310823430729e-01
-5.441140021141925853e-01,-1.627929060722942134e-01,4.091917539572113155e-02,-1.002187455781472725e+00,7.408243454201256517e-01,-5.132135664715851142e-01,-2.285999153400185835e-01,-9.943493746085122487e-01,-2.562333658795310498e+00,-1.910277626001690154e-01
2.412615421612915867e+00,7.846042878980238333e-01,-1.926037973439463993e-02,-2.628908292082676734e-01,2.246589281204637925e-02,5.471191151752099469e-01,-1.180812815308844854e+00,1.114321694668872098e+00,7.153813154412440589e-01,7.181857257079344858e-01
4.384757388097272890e-01,1.961665769398990289e-02,6.728612359668196818e-01,5.918141337413779235e-01,-3.540407109410237951e-01,-5.736017728969009521e-01,1.018562952619866957e-01,1.549020151495187347e+00,-1.239107075653900880e+00,-1.467525265752440022e+00
1.647608412365167418e-01,5.088770185601806245e-02,1.733416643704082105e-01,2.439531979085002578e-01,-2.232022546348051140e-01,1.489863438602082146e+00,-1.600903978476515555e+00,-8.284970247802460053e-01,-1.032547601490473727e-01,-1.643188811154167039e+00
-1.758544044320711486e-01,1.661470165728017978e+00,2.088648829596178799e-02,2.307009057186834855e-01,-1.260164765172580248e+00,-6.163614080394774764e-01,-3.751963803239369843e-01,-3.177150967562340500e-01,1.281643795003768682e+00,5.576910607251245322e-01
-1.111457956937031977e+00,2.465047784320048840e-01,4.982217484967851329e-01,1.140149038521266478e+00,1.580540686568373543e+00,-1.015094191827868642e+00,-8.108575112103382221e-01,-1.257577858914616264e+00,-2.340198591069812262e-01,4.663583744463342118e-01
9.873345165891018738e-01,-7.595102364252276361e-02,-3.198475232548439462e-01,1.517579922487403699e-01,-8.351429016300230268e-01,2.089538721694773393e+00,-1.607661027118058694e+00,1.847405788957244555e-01,2.023606219229639347e+00,6.799844559997768843e-03
-1.900390350014944663e-01,-3.574454228104271825e-01,-1.803916817624078295e-01,1.372848474676530151e+00,-2.211861911329506825e+00,1.533433701296325502e+00,-1.423957152450145092e+00,-2.666523292344147866e-01,-4.292444202986618329e-01,5.885532697707197558e-01
-1.598124351883747574e+00,4.621726660819428512e-01,2.024309623286852489e+00,-1.363174004592810462e+00,1.897061676103956596e-01,-6.619821777966090615e-01,4.258872061930357722e-01,1.914777741575205902e-02,-6.414869090443096056e-01,4.878722848710739801e-01
1.804348109786743093e+00,-1.909037917272986828e-01,7.197579421481818951e-01,-1.293272957871163698e+00,-9.564363768180087488e-01,4.724062778803773677e-01,1.484116028535964915e+00,3.556133487856599773e-01,-3.130580305231543403e-01,-7.085945766459172132e-04
-1.250407733969717494e+00,6.045153263553667555e-01,8.823330623234091341e-01,-4.520903328330803661e-01,-4.700421477595014830e-01,2.658782296520484922e-01,-4.367197360405954965e-01,-6.613261462582245565e-02,2.099721789166515418e+00,-2.470257007459966681e-01
-3.583401520212223246e-01,-6.475418056351593954e-01,7.441919714999367663e-01,-1.812241732181029963e-01,-6.493730383214260105e-01,1.321304032273012075e+00,1.419603004513637190e+00,-6.004235657387051450e-01,-1.866539951360616234e+00,1.007513689836922133e+00
-6.846298257600039738e-01,7.906255991627686441e-01,-1.970103817711835736e+00,8.925973382993093175e-01,-1.211171929280781212e+00,7.307641190665244979e-01,1.427306783643410813e-02,-9.539394193966449498e-01,-4.070363129267804969e-01,6.863184569567007953e-01
1.058944531152342661e-01,5.844129804724843558e-01,1.976440584515485543e+00,-1.564241611711051361e+00,1.617212574968623917e+00,1.043559375232129272e-01,-8.987840483231281929e-01,-1.330313625738989813e+00,-1.891203907770334924e-01,9.216501119244593365e-01
-1.275491203775342142e-01,1.511154930247347483e+00,-1.451175690051558886e+00,-1.208894784605456067e-02,-1.252393444413119061e+00,3.636318826249678726e-01,8.868873900973003321e-01,-4.207617936810532644e-01,-2.604213856627134227e+00,1.989481467964945294e-01
4.367385517335092837e-01,4.042947549616974223e-01,1.235782191822154097e+00,-1.071053679649048851e+00,6.802161054504494153e-01,1.192507512477974929e+00,-1.778587584006516842e+00,3.196518259189772282e-01,-5.041798310076714973e-01,-8.152267310164588998e-02
3.476764835383363561e-01,-4.872285641135523093e-01,-6.757080791616117965e-01,3.415241748802459731e-02,-1.087245938862802408e+00,-1.085825128885185453e+00,6.793732829565033438e-01,-1.148794035158656079e+00,6.663125009092119022e-01,4.625912928539511748e-01
-1.725806728790596711e+00,-6.775646523356551043e-01,1.194109403047372453e+00,-9.811655311396816348e-01,-4.644042623093876387e-01,4.620608932518964762e-01,7.833905092825954597e-01,-2.515388860444957020e-01,-5.975101946916415718e-01,1.422369861698507654e+00
1.738899663797578876e+00,9.788580507817954413e-01,8.531814256502405491e-02,-8.082657216409263601e-01,-8.304444065565652622e-01,5.225141052657574781e-01,4.183982208886837251e-01,1.401598592946429411e+00,6.504500925361392794e-01,-1.503080301759818216e+00
1.051947617722918560e+00,-9.980606273144129181e-01,-3.839712719523515894e-01,2.502002062516944791e-01,1.995667489783964355e+00,3.109918556005360823e+00,6.067230591361827408e-01,-1.831966187203878660e-01,5.345056484805502661e-01,8.876554258738360570e-01
-3.206676255571916934e-01,1.795211355912322171e+00,2.300707591914020744e-01,4.977430890913942529e-01,6.659242520544613742e-01,4.215866106144556813e-01,8.389405004696124379e-01,-6.172531865469234047e-01,-5.583017539460305434e-01,-1.100154232971694901e+00
4.395012306202263908e-01,7.789365035121140757e-01,4.577728661518857822e-01,1.674492433347537279e+00,-5.596018829046554843e-03,6.687416555925126405e-01,-1.091700876139314325e+00,-3.870997024744010084e-01,6.955377575657775147e-01,8.491021107431440118e-01
-2.939669476641822432e-01,-7.159925185806682857e-02,-1.517873746680809433e+00,-3.570292008066093814e-01,8.903831635197861916e-01,5.752050161065662692e-01,5.006657213812096829e-01,4.977368718096007727e-02,7.063158628176451764e-03,-6.603211394734470607e-01
6.988284202025347724e-01,4.209729443893898138e-01,4.920188479927992686e-01,-5.260348426675803823e-01,-2.153342919871244376e+00,1.097152711753695664e+00,-4.788374560084041609e-01,-8.627757640431206188e-01,6.934789119139936897e-01,-3.920126399191296018e-01
1.059936384046621827e+00,6.170059495766975211e-01,6.835693232004775854e-01,-1.365955711200534273e+00,1.211943985386400469e+00,2.612505312338560537e-01,-3.692771392462031455e-01,1.433884673422510803e-01,-1.776235232898319971e+00,4.086528114806708412e-01
-1.029371508182071571e+00,-1.352670285843534437e+00,-1.522359186217891125e+00,1.112688374989925233e+00,-6.292633936927887195e-01,1.533727709916499204e+00,-5.358014630522978106e-01,-1.707357957592946729e+00,-1.116524439948659131e+00,1.235811620006938671e+00
-1.558981779366675202e-01,-5.482872964906009283e-01,1.600182258527876877e-01,5.017827361675449849e-01,1.117398815902460596e+00,1.448499229892926010e+00,-3.597686457890857947e-01,-1.326047686082038490e+00,-4.134651611232760260e-01,2.602805065828861508e-01
-9.637589262106108778e-01,-9.571509148950428925e-01,3.437878815498854324e-01,-4.865235157045114806e-02,3.279699541158651033e-02,-7.584953347000694679e-01,-2.304007142057673263e-01,-9.242331442683043852e-01,8.901984111247868148e-01,1.035249334723752579e+00
-1.846187862238093835e+00,-9.295108601924100267e-01,-1.496529255090079058e+00,-6.500239344068982072e-01,-8.343796979036086081e-02,-1.449645219698530108e+00,-9.218598131253129546e-01,-1.003957372081498267e+00,2.072673293989439613e-01,6.934433703625042522e-02
-7.217375533372533125e-01,1.768208721393979832e-01,-5.466800845872653580e-01,-2.716551103260532729e-01,1.673452090298537032e+00,1.340461051790347913e+00,-1.299581236927597638e+00,8.297324178791745108e-01,8.113965544915920924e-01,-1.148263288752618294e+00
8.187776437548606179e-01,1.537931918412552834e+00,-1.122544806244413884e+00,-9.175028210142636143e-01,1.017661466843502449e+00,2.714953108256479841e-01,5.514762752395232503e-01,3.405892164004967748e-01,3.906959209281441470e-01,-1.326472128311082965e+00
1.047317706621448297e+00,1.169589992427773506e+00,-2.293907440680277576e-01,-4.347694981386242968e-02,-1.531107502555722588e+00,5.142547560178349908e-01,5.720574417141440771e-01,-6.219101699931100374e-02,1.124353359870502667e+00,-3.340772309799405204e-01
5.646059258936002578e-01,-1.019664338692115590e+00,-2.355215087423812026e-02,-1.743542579028358463e-01,2.253079220409414107e-01,-3.695269288333583035e-01,-1.314725956716678024e-01,8.260471714415063005e-01,-4.367642372382174454e-01,-1.606577100738679320e+00
1.749583904205420648e+00,1.381454078690486531e+00,-1.292262695105618642e+00,6.897078052451943719e-01,-5.029747705513430978e-01,2.634872153310595655e-01,2.942241290134937071e-01,-2.344078003163219959e-01,-7.837656655863964872e-01,-6.905410523162593961e-01
-9.161919154812424582e-01,-8.318222082304447262e-01,-6.717829004935525761e-02,-7.157599891107517820e-01,6.820520657126198927e-01,1.487246155335927300e+00,-5.800532413700429935e-01,2.394045005353770683e-01,4.996851103029339991e-01,4.720022709192744914e-01
7.595526791608739337e-02,7.426824183597221518e-01,4.822489526806572058e-01,-1.237662422327297840e+00,8.691560643892731752e-01,8.872908372667420718e-01,-7.632861041785815592e-01,3.793783544760202797e-02,6.833289928110694023e-01,-2.093138195793615708e-01
1.072978047766011800e+00,2.363872494619360776e+00,-7.859860326349823456e-01,-1.381044603153774863e+00,3.038185956048757297e-01,7.215625051261435052e-01,-2.308663738447689906e-01,1.453260663321034540e+00,-1.338605799723248779e+00,6.929186230316111139e-01
-6.058608207588933592e-01,1.719377906207296691e+00,1.992515353168118342e+00,-7.666565877833478870e-01,-5.495571359085801300e-01,8.595878869798019295e-01,-3.871306497895146137e-01,-4.541121793223822090e-02,2.538842054241018109e-02,-1.919673156197656327e+00
-1.383774609423725488e-02,-6.897277740641740706e-01,-4.931228223997720095e-01,1.443632003468814151e+00,-1.256506894279256326e+00,8.132051867479772600e-01,-2.789629303318085229e-01,-2.797601684958344048e-01,7.903718960517113201e-01,3.400512945688904387e-01
5.706129972195309596e-01,9.681846605328611188e-01,-3.313083831833227300e-01,-6.122367345077502909e-01,-1.085150526557798090e+00,-8.254105299789551431e-01,2.949094425308725231e+00,1.244679580736786750e+00,-1.351074366208021349e+00,-1.322457956743570140e+00
4.818660617184914452e-01,5.472647973779668495e-01,5.488838353173643991e-01,-2.549557935536978515e-01,-1.254542600029002197e-01,3.278795241593573939e-01,8.589300629333040948e-02,-2.219300372747535111e+00,-2.297996305751938140e-01,-8.514064342603135938e-01
1.752114189085120510e-01,2.985259002603410039e+00,3.674816654743043864e-01,-3.135296861723979034e-01,9.218015019772521912e-01,4.826878872092126849e-01,4.200944904518412737e-01,6.068505932156710303e-01,2.056543564829541815e+00,-1.130888435325915875e+00
4.736320768114544721e-01,-9.263811299815384315e-01,5.555126463422482841e-01,-9.186865114860943704e-01,-4.173668136050843747e-01,-2.950899142379063145e-01,9.758167193447090382e-01,9.184544439424138229e-01,-1.245717376446384472e+00,5.493411099984872592e-02
-7.095798547491726227e-01,-1.258504910675334543e+00,-2.170170504243704168e-01,-3.084827884558197231e-01,2.426716486345522394e+00,4.329598253606961600e-01,-1.377617500754237279e+00,-5.647740041709422565e-01,1.021383295429398430e+00,2.088442772869925079e+00
-1.585983312237958298e+00,-1.879924385139045029e+00,1.870965175371782196e+00,3.896141773709038691e-01,-8.682927318763664637e-01,5.346290861224353153e-01,-2.635747739016877755e+00,3.375506597160998941e-03,3.278211728430852068e-01,9.242701395378296603e-01
-1.013895952292537705e+00,8.568716140335903841e-02,-9.254246260595873075e-01,2.553837556743170922e-01,-8.953463223630241385e-01,-4.081008391602206076e-01,-9.958153947902290692e-01,6.511362418236570360e-01,8.584511166566652918e-01,-2.346205699574137882e-01
3.823799496002833892e-02,-1.448591414633544128e+00,-2.996766480067870608e-01,-5.020461704174478124e-02,2.620793091029975042e+00,-1.111967025774163620e+00,1.464177238752437438e+00,9.968587734658079791e-01,2.806364044901363819e-01,1.758620484195133393e+00
3.721054726068628860e-01,3.891591956679287256e-01,-5.312065301754534397e-02,1.223568882418627490e+00,1.096469233810883681e+00,-6.256772874962124309e-01,-1.319247194598767381e+00,-2.029806373956570820e-01,-8.000385643976464234e-01,-6.352457461535510053e-02
1.237438134684139213e+00,-4.573016550867899932e-01,-4.282338131157487765e-02,5.802273480839522518e-02,8.484308822052846200e-01,-2.246889333984605219e+00,-6.067002947652964107e-01,2.112836922794726069e-01,1.200078956426861243e+00,-4.919024475062051538e-01
-1.876552706041874075e+00,6.197114459661362540e-01,-6.353623888256293428e-01,-1.189666659090361289e+00,-6.243453897132240638e-01,-1.845253576558495423e-01,-6.047446645382127395e-01,-2.205566057099069166e+00,8.970661968871321834e-01,1.274875041278722199e+00
6.515219913395057239e-01,-1.137685670424816609e+00,-2.014915339475179812e-01,-6.521315229458061677e-03,5.987943895619102230e-01,6.683404887180808274e-01,-7.341737987784957564e-01,8.199555641356041924e-02,4.572804046152411095e-01,1.455822322146766545e+00
7.045065398247229993e-01,7.890566873755188171e-01,8.382662792936095009e-02,1.410459145203504017e+00,4.097627959594973834e-01,-8.610879101735704477e-01,1.403369970125190713e+00,6.979032725390276193e-01,-4.430440211284822905e-01,-4.794929673992433528e-01
2.965755451407616206e-01,4.631847952675844371e-01,1.972922656312066647e-01,3.113086734428851532e-01,1.699957374576380520e+00,1.071543152234885721e+00,1.906355912650243845e-01,9.413105807674834180e-01,-1.032523903527539533e+00,3.979270499468089417e-01
1.809306349733110109e+00,-2.180458953923738452e-01,-8.476339286190848199e-01,-6.520888885930606893e-01,-1.089633037342388366e+00,-7.847619081277034114e-01,-3.705080985900289781e-01,-1.405567019178642019e+00,1.561833394960304711e-02,9.022771737866471797e-01
-9.077561801469203884e-01,1.519283923641768785e+00,5.107920885275947231e-01,1.030580585624057299e+00,-6.578345538521370717e-01,8.545252270666157113e-01,-1.091933900395313017e+00,8.902475008365087206e-01,1.718393397935313038e-01,5.532512199847839929e-01
-1.175594605624851630e+00,-8.950698422766046880e-01,5.972282182533847905e-01,-9.483480042242007357e-01,4.632062920991230626e-01,-1.367137806460245741e+00,8.481742126666681481e-01,-1.232523314768509071e+00,5.522999376795234561e-01,6.256309336460010861e-01
-6.967718184295749184e-01,5.820265670847268868e-01,2.604422633335559678e-01,-5.388418561927382777e-01,-1.008554684076208074e+00,-1.962625691672579054e+00,3.496500472996936781e-01,-1.564802771362055145e+00,9.534419944130820279e-02,-2.634482160822491092e-01
6.791427754381954562e-01,-3.020454994898641998e-01,-3.294477863470912649e-01,7.318707042882953706e-01,3.350580290841175257e-01,3.161559571827782800e-01,4.692675898085262309e-01,-1.535572123207105788e+00,7.567886799869819603e-01,6.124687940136023245e-01
-1.016683128576497230e+00,-2.440804736742012981e-01,-3.930728762763118639e-02,-1.344967844017327108e-01,3.338599665685346718e-01,1.431366781831183488e+00,1.081766727672828665e+00,-1.312219193431406250e+00,6.220699903060487035e-01,1.328933319535409607e+00
3.868085206892026284e-01,1.090980425185966940e+00,2.012270445700765187e+00,1.023709546106981394e+00,2.493085956417288584e-01,1.045088474084753472e+00,1.448878330968911832e-01,2.390304328495547123e-02,-3.514142357137325923e-01,1.563413358832108413e+00
-8.184286659420013654e-01,1.532367724678115994e+00,4.998641237403712578e-01,-1.399306174801941305e+00,3.676492929914215724e-01,-2.100026507651624019e+00,6.255080168310357402e-01,8.852314829889910142e-01,-5.923559556520535674e-01,1.235476959555823345e-01
1.954157433750286277e+00,-5.057467042619366859e-01,-1.058907587056600486e+00,1.481663402462598755e+00,1.962587190530794778e+00,3.695671847847325532e-03,1.011463035408356248e+00,1.341475915530881080e+00,-7.424842325383840258e-01,-4.853058353678683101e-01
1.230874513154734951e+00,1.685014278708509394e+00,5.628808601743547912e-01,-8.798143535020542805e-01,1.987061111699441218e+00,-5.309708978119644929e-01,-3.351377811714517652e-01,3.423378344896214620e-01,1.554160420714774116e+00,8.539759765522236812e-01
4.148655003619105552e-01,4.632885301181063897e-01,4.351466864346607843e-02,5.581395145185062967e-01,-2.529560077694303022e+00,-2.966074590697983515e-01,2.413219349167810002e-01,-1.151014083619507078e+00,3.863233178115599853e-01,-2.044712209861215269e-01
1.755475698315490218e+00,1.573019725214856779e+00,-4.658055691181628433e-01,-1.508377115666953150e-01,-7.394756560839259307e-02,-4.516594761596227081e-01,1.950249840281267355e-01,-7.582820688875901993e-01,-1.130615334937526306e+00,6.227112239002685623e-01
6.295295842218108229e-01,-8.043157596599923576e-01,8.953554307625996023e-01,-6.315777291653313918e-01,2.531652380379811884e-01,8.203440126124560416e-01,-3.361256470371302985e-02,4.547409121411346566e-01,-5.164296438875717321e-01,-1.964665834280971690e-01
-2.058594308803403661e-01,-7.465783465402389130e-01,-1.767741631157820903e-01,-1.548618298863746690e+00,-4.911537471421046908e-01,-2.848754933696708291e-01,-2.561797524953803862e-01,-2.414974458707790650e-01,-6.176419986012892521e-02,4.794415180860638892e-01
8.745170741325225539e-01,-6.497652268482670967e-01,-1.203200855389144452e+00,-1.042044412243102958e+00,-4.872029211949271410e-01,-3.519213178165090938e-01,-7.699960661974573073e-01,-1.296116664249894468e+00,-4.561208274741881952e-01,1.814266201139713708e-01
5.950294658355647082e-01,-5.574230531083211870e-01,-4.129978221434340568e-01,-9.266983088473107477e-01,-3.143917037477642062e-02,-8.484286341908146012e-01,5.731278132412001014e-01,-1.785866491934111178e+00,-3.596296724524621902e-01,3.011073391917418740e-01
1.838345163225043599e-01,2.693033663980496595e+00,3.498000245679073750e-01,-1.004054596842009817e+00,-9.546424708907304268e-02,-1.776246333466451999e+00,-8.059974929676087807e-02,-8.330560570007586874e-01,9.153902755601617258e-01,-5.495402745955348944e-01
-1.167659157952466303e-01,-6.355578414044034119e-01,1.738851351853331284e+00,-3.212427661179116933e-01,1.832557043479201786e+00,8.141517621182665643e-01,4.820667273353861360e-01,3.687331473175197161e-01,3.937972982162515345e-01,-1.927672579345609982e+00
-2.788833941507565251e-01,8.451579711843215659e-01,-4.889718347410554333e-02,-1.405189846803575060e+00,-5.240445057746945245e-02,1.704105516255491226e+00,1.246891715534719447e+00,-6.200400936603174540e-02,9.514492770580865733e-01,-3.665070203680518279e-01
-1.703871586826718909e+00,-9.244659881295543835e-01,1.562888768508197801e+00,-2.739930818293042081e-01,-2.433839793750180724e-01,-2.998381962748805640e-01,1.904136589573006910e+00,1.625958915362063273e+00,2.218780233448133909e+00,-1.590452104000512901e-01
2.956244887470950711e-01,-1.516642549420791131e+00,1.476934426118274413e+00,-1.167779551267934979e+00,2.167755637626291032e-01,-1.097302527632844082e+00,-5.888668267386960586e-01,-8.372624310497003286e-01,-6.078752606758178745e-01,-5.391227031489785881e-01
-5.482687949250770743e-01,8.333339117803071350e-01,-1.104862793062520110e+00,2.205414270138668642e-01,1.217959152305558401e+00,-5.131963645133960084e-01,-7.179188907476018455e-01,-2.305246251802508251e-01,1.179725208360710154e+00,1.941076309533577016e-01
-5.312142946075983918e-01,4.838766511880396304e-01,-1.102292149836423318e+00,6.813595104429479576e-01,4.086073077017674526e-01,-3.078084711388839878e-01,-8.385857984472311344e-01,-8.866809222834574067e-01,5.348173363459102214e-01,1.228980502489061877e+00
-6.373077470287950019e-01,4.583867035514844201e-01,-2.087027018602068740e+00,-5.846177306571995747e-01,-3.105893287090195215e-02,-9.096834169818336369e-01,-9.365063747895957524e-01,-6.677795564688859820e-01,2.921927283263731634e-01,-1.873290184063746977e-01
-2.238231233324972091e+00,-2.120700152635066171e+00,-6.068651778571751976e-01,4.576865860535518915e-01,-2.747504842725234653e+00,-4.997301761516306229e-01,-5.262478565174211198e-01,1.388337778208447837e+00,-3.850218117128636486e-01,3.829889847409284620e-01
1.412571400874632344e-01,-2.130566479807200597e+00,7.682072166317372997e-01,2.153965054562879400e-01,5.082686396745895729e-01,3.926237706436326746e+00,-2.084112939498588446e+00,1.724696649761108480e+00,-2.874475194003555667e-01,2.873289044030092887e-01
-4.551224530124216988e-02,-4.242363333980435081e-01,-5.698329282387585293e-01,3.295087355730090262e-01,-1.517173696671679117e+00,7.505791675217655667e-01,-4.161944048852539435e-01,-1.130069339040357779e+00,-4.500128579958136976e-01,1.257149216862572860e+00
-5.353350870162233432e-01,3.584536182096204060e-01,-7.309562757154732804e-01,7.579218499236195505e-01,6.855077387902041020e-01,1.848608833296411458e+00,-1.755639454992155013e-01,6.686548047579066179e-01,9.806753953894455089e-02,1.295871781863014327e+00
-7.188323876087303610e-01,7.450053128772811117e-01,-1.946972961166816840e-01,-6.418817710849775149e-02,9.175248444837286188e-02,2.522403964266773935e-01,-1.162290431219579478e-01,2.147131831705259286e-01,1.578118057562184484e+00,9.854496856152183959e-01
8.691545924968965275e-01,-4.555395260238707111e-01,-8.892408282283245091e-01,9.553005582377530613e-01,8.760467925297942271e-01,1.472670675750981983e+00,-6.039806259692295232e-01,-2.295486553603470758e-01,-1.639484162525434163e+00,-3.924711060608729318e-01
9.965705105794472329e-01,-4.664953792281979483e-01,6.404797952008237649e-01,-1.905031059978113395e-01,3.240570282215606279e-01,-1.147691389815667318e+00,8.520944963390106319e-02,-2.991135970900723251e+00,-1.868961581619848489e-01,-1.630473243715140130e+00
1.205994516546815998e+00,7.774073527645112280e-01,4.666709819660809777e-01,1.521006227159379831e+00,-9.489165208248372396e-01,1.747363197915558164e+00,9.321915642603847418e-01,-2.365552872189460309e-01,1.135620147182944129e+00,-1.106293512411634206e+00
-8.245141615276735392e-01,-6.085897232397003975e-01,-5.289777080640152285e-01,-1.056557642760252769e+00,1.223083067095324994e+00,-2.588544003698316498e-01,3.525049683568795555e-01,-5.703513664136805605e-01,-1.820603300548517156e+00,2.700573583914220865e-01
-1.912254975419776848e+00,-6.863404608546860852e-02,-1.368315038832810471e+00,1.987275999230807999e+00,9.113627221747216955e-01,1.057537912714804212e-01,1.263706677654668598e+00,-8.463159774657358358e-01,5.434793786700929941e-01,1.998104337187134871e-01
2.640200813336699981e-01,1.272353500106767843e+00,7.324921027798022566e-01,2.887236628250232640e-01,-1.654887436228296149e+00,-9.600462952794637239e-01,-1.227089335957241428e-01,9.337237427665123768e-02,-1.130203724673923826e+00,2.411676675578421136e+00
1.516394055253573070e+00,6.021183203924835858e-01,7.203686128374492403e-02,-2.122089699011521780e-01,-9.519184600222355686e-01,7.748051851886253449e-02,2.577525401427506746e-01,-1.241760575481624329e+00,3.341764172448974390e-01,-1.552590488247487521e-01
-1.907807557877390980e+00,-8.603850107795019131e-01,-4.136055334216441892e-01,1.887687657340189951e+00,5.565531245337580479e-01,-1.335481569099890908e+00,4.860362894176369908e-01,-1.547303988938365515e+00,1.082691053887073318e+00,-4.711246518178786036e-01
-9.363618873917087249e-02,1.325796647542190509e+00,-1.287163568584249962e+00,-1.397118185112991240e+00,-5.835993263460048652e-01,1.038378851019316595e+00,-1.519346075476842639e+00,-2.832155598110569716e+00,-4.511588584089987752e-01,5.517407999109203987e-01
1.200261749738829264e+00,-4.631613620853989866e-01,-4.114266071160024851e-01,1.153900734255747462e+00,-1.869741699695420589e+00,-3.885207751830092593e-01,1.904238899250577377e-01,4.492187212850342615e-01,-5.098066931908825650e-01,3.444101170584135119e-02
-2.488327353412989495e+00,-6.582484123338483428e-01,4.535087125544673969e-01,-9.822940342546795378e-01,5.898422158959733264e-02,4.468725008026976919e-01,-3.425492008577649683e-01,1.704637709965708958e-01,-9.627325652846122628e-01,-2.066112796960466458e-01
6.102161695892225346e-01,1.569729609684342164e-01,-5.865312695639355312e-01,2.242164042907930088e-01,7.146097906366180030e-01,-2.049941278577477988e+00,1.159074064955897709e+00,-3.362547386810719741e-01,4.254899332402302670e-01,1.197246923645227890e+00
-1.371673697230465949e+00,-7.094410024275465965e-01,-2.885486958757048082e-01,-7.837535211244283095e-01,1.734936575836808492e+00,-8.567720938267927577e-01,-5.555467794868665932e-01,2.043890316029767784e-01,-1.202149526076088826e+00,-3.956807117562638476e-01
3.174532612501748674e-01,-3.328604043825109660e-01,-9.338685889994834122e-02,-5.293321124483710838e-01,-1.514470309180766971e+00,3.215932113392385716e-01,1.754933071647241549e+00,1.840163078343812902e-02,2.252641172475495779e-01,6.927227551168596564e-01
-1.269330496546699161e+00,1.702514658129605563e+00,2.023287964228020208e-01,1.631856899089108914e+00,-7.330329955239893724e-01,1.818061922557824728e+00,7.751554940347828992e-01,5.530400858523584207e-01,2.340244543531479482e-01,-2.485286180744493700e-01
1.200531658473872554e+00,1.403598698480469642e-01,-1.967069703587152718e+00,-1.117186461707002643e+00,-1.858457521927470990e-01,3.099989831655547978e-01,-5.658848889989583769e-02,1.218970789793663245e+00,-1.951101864038624845e+00,1.435879365051601908e-01
-1.817979225387154729e+00,7.597122954841684095e-01,-9.445871444200275302e-02,4.196099720241181497e-01,-8.638829605897661024e-01,1.279464931657751103e+00,1.041724664058851335e+00,5.835443030118876440e-01,-1.295172468634407659e-01,5.798572852951321410e-01
-7.068925679873488965e-01,8.555556590207120671e-01,1.649480894323920976e+00,1.070610559979186194e+00,-7.296024698074095038e-01,3.614173172731028894e-01,-1.293141543758647760e+00,5.723903111756757367e-01,4.506034128625388546e-01,-1.869816339532164085e+00
-1.161783843912363778e+00,-2.831388967437671322e-01,-3.008597471408262503e-01,-1.209476935418805299e+00,3.889787293521840272e-01,2.514736089405122388e-01,-1.942691319785193049e-01,-7.557915001583629389e-01,1.048707126416563495e+00,1.655407113088295246e+00
-4.835614838465370768e-01,-6.121669171548207444e-01,4.912076654119964525e-01,-3.580293797469863426e-01,-1.393972006632341609e-01,7.396531517246713872e-01,-1.909356087507292798e+00,1.318302324852669294e+00,7.268052432934134222e-02,-4.114931445621802242e-01
-8.923415422144892473e-02,-3.757064497948126719e-02,-1.731201303444925399e+00,1.494938227453235902e+00,4.132563227061846617e-02,4.430021304473751864e-01,9.515497705740432188e-01,-1.021162457560300663e+00,4.734718990352284607e-01,-2.676410908987935655e-01
8.467707752164936874e-01,-2.127227420351495368e+00,-9.909430024126900105e-02,-6.028206557839616009e-01,4.322629506341555961e-01,4.700441873682022487e-01,-7.076258948220262024e-01,-7.121738641760436694e-01,-1.106653685573294466e-01,-8.966422273152081512e-01
8.419836954521269234e-01,-3.692072004474461488e-01,-2.906988219321641420e+00,-3.748220566218061212e-01,-1.038543820843972343e+00,-1.631275815460945466e+00,-1.237426638222572484e+00,1.094084718329700612e-01,1.328640828248231154e+00,3.131844738649799953e-01
-6.065033882157399026e-01,4.559041951707029083e-01,-4.590903102189917706e-01,-6.946003691631446042e-01,-1.154362668232984390e+00,-1.751828806751719148e+00,-3.899237065594453044e-01,1.580534899201318511e-01,-9.662367001488972318e-02,-4.159669279473586223e-01
-9.457460606967811323e-01,6.082461916849685180e-01,-1.317131919946584961e+00,7.760279138434753587e-01,-1.002217018926724768e+00,-7.524352373530350802e-01,-1.466785190615677026e+00,-5.014021468856366681e-01,9.753124584779788719e-01,5.156280884439564671e-01
9.784221120280350847e-01,5.221425459339358310e-01,-1.103669828530369212e+00,-3.307892243275573629e-01,-7.801991291174626975e-01,1.330574904039040218e+00,-1.196788646426311553e+00,8.936976893891108720e-01,8.929538701087692543e-01,1.829620201716087191e+00
-4.096865926294973592e-01,7.123221595801620953e-01,2.281651836538842737e+00,-6.176416769336966484e-01,-1.535040247532359681e+00,-1.880010033907763667e+00,7.127120288613313370e-01,-1.883150208058583797e+00,-3.723190529379228342e-01,4.373131870389607156e-01
1.851755368299140558e-01,4.254448641841722667e-01,2.222898558008540582e-01,1.278865813313393218e+00,-9.523163807387969859e-01,-6.769951384585313203e-01,-7.726594452708239746e-01,8.301918118626101517e-01,9.003985883950635927e-01,4.512253193185081779e-01
1.183493666889927853e+00,-1.178040867376380696e+00,1.667224111551136589e+00,1.523238621712257768e+00,7.356219972457467282e-01,1.781798908771059953e+00,-1.656623207677773824e+00,-5.244481362626518539e-01,-7.353034606819522923e-01,7.214793237573432494e-01
-1.050140739602145601e+00,7.574951493374855183e-01,1.370536143996713419e+00,6.952029000839993200e-01,2.837510236615011228e-01,-9.878733409007491861e-01,-8.468509661253645904e-01,1.249618905296666638e+00,7.793490039053323493e-01,-3.901951937754411653e-02
-4.179095457658905666e-01,-2.025807873111376889e+00,-1.070852418684438812e+00,1.911419087139723416e+00,-1.280455571002466764e+00,1.894798212210806465e-01,1.007443973195198517e+00,-1.254922668002292463e+00,1.847104747810832948e-01,9.379155375106550396e-01
1.249932190725033462e-02,2.868403055666768342e+00,-1.668599258878195268e+00,1.058728529883878888e+00,-1.728017373964643721e-01,7.719201548366750876e-01,4.413071516992458365e-01,-7.331561971099965769e-01,2.289963924593402533e-01,-1.857901451398287218e+00
6.032475005713937577e-01,2.981584659905256451e-01,6.386601686431023772e-01,1.058118325087150202e+00,3.676198402097108908e-01,1.480894197982761951e-01,-8.810683366612922507e-01,-7.122207636490509586e-01,1.186734620177331001e+00,1.436335405705978507e+00
-2.381104363120540579e-01,4.600274725327412051e-02,-9.046143749937660683e-01,1.172756845267444836e+00,6.654168236917786805e-01,1.941217436463749113e+00,-8.783230771797388980e-01,-3.780078990182171861e-01,2.314459225255722230e-01,6.464895377257704467e-01
-2.156676375476323237e-01,-8.729610904537004057e-01,8.814075289235711042e-01,7.211353625455816374e-01,-9.162741005637249359e-01,1.355442801105495754e+00,1.170198709196603737e+00,1.342964972477928842e-01,7.959786237603638792e-02,5.540577711159071495e-01
-8.617030702562581412e-01,3.003147916408217127e-02,-2.152383544609180355e+00,8.764556455029355320e-01,-1.561493222441859396e+00,1.503419828428999017e+00,-3.301200939664503120e-01,-2.116669819311768896e-01,-6.277339060845056329e-01,-2.880388739220763883e-01
1.418531345148036582e+00,-2.487808656535079432e+00,1.276965386088187770e+00,3.380234811017081564e-01,-1.207021647857215552e+00,-1.075312393049237869e+00,1.676393027208203046e+00,-9.455068799427311932e-01,-1.153350510595959610e+00,1.137314542364729730e+00
3.385528762859142393e-01,-9.379255765363988528e-01,2.166249754046190024e-01,-1.025752683640277274e+00,1.100821398422605180e+00,1.061370964873133538e+00,5.320061988219431104e-01,3.616610612470165798e-01,1.761188124867373750e+00,-3.136726117747120810e-04
-1.181874125420801169e+00,4.494739128323068655e-01,2.086047049537113729e+00,-1.014759493185852124e+00,-3.614627666939856376e-01,4.164460381014524759e-01,-5.390484900573917076e-02,-9.823035803773149111e-01,1.121857856230470851e+00,2.320040722017259416e+00
1.961314590239074118e-01,-9.040682897360006187e-01,-1.548960525053475035e+00,2.579759812211808723e-01,1.103877343316257642e+00,4.751677464953816266e-01,-2.403840918853844110e-03,-5.892716517893061834e-01,-1.092163632718089694e+00,8.347513263248821369e-01
9.137716213855856529e-01,-1.545729786690733132e+00,1.589838978180683871e+00,5.740712208940013106e-01,1.399594645145793459e+00,-1.342127748485115069e+00,-1.365824155415438890e+00,-1.489693097672969146e-01,5.027844268951942031e-01,1.796360822926963641e+00
7.060789138151315480e-01,-2.426812768120333308e-01,-1.026369207665892125e+00,1.230000572719150087e+00,-9.647054257507150510e-01,1.628468554772322108e+00,-2.843846496065093876e-01,1.590582072617850562e+00,6.789312900592783251e-01,-1.369954894424582625e-01
-5.193963718261266349e-01,-3.409078773460798018e-01,4.283166923752375066e-01,7.715649621771673849e-02,-5.938114080687051377e-01,-1.656314103176322328e-01,7.857702971914980183e-02,-2.128734094414812095e+00,4.581681147886986771e-01,-9.797212247168067822e-01
-1.153332403205745038e+00,-1.687344347110710352e+00,-1.793892497867890290e+00,-1.355447503112289231e+00,-7.090209576304904449e-01,1.953259137526568212e+00,-5.258796758952039019e-01,1.777501062680313382e-01,4.004813865063286960e-01,1.310651862158487280e-01
-7.744346072599364583e-02,-1.195293763599244663e+00,1.450927548279211887e+00,1.807196643637885236e+00,-1.682658694122685761e+00,-1.024028590886379542e+00,-2.798103423770061382e-01,-9.645377949101914261e-01,5.059655534558652468e-01,-7.282722024066130562e-01
2.165056067806602424e+00,1.190548594343596056e+00,2.125740306322148887e-01,1.026986263319732195e+00,1.105900424357308953e+00,-5.639474880582432403e-01,-8.162172445419647593e-01,7.814306296964744492e-02,8.616361244979440226e-01,1.390603986534176550e-01
-1.576996482190997195e+00,-8.028244439508422925e-01,-7.397286359437803271e-02,-7.566560432583026297e-02,1.972542176789808144e+00,-1.385987942398998030e+00,5.055892418358746143e-01,1.489113108328289581e+00,2.271449745422795985e+00,-4.043974231839612687e-01
4.914294527201996110e-01,5.697603571986468163e-01,1.954817315532908217e-01,-9.884520123930605473e-02,4.359753895000458845e-01,-2.532246085219685305e+00,6.820694900626312895e-01,1.261779036619671834e-01,-2.224748967782653741e-01,2.046862195719557853e+00
-6.749340187905522592e-01,-4.030759890650307820e-01,1.991553302204734033e+00,-8.320613048498566311e-01,-5.501152829365388852e-01,-1.470254234308499830e-01,8.407344821295492654e-01,2.078025073533134037e-01,-1.292625347152262627e+00,-5.321685631271895200e-01
-6.073544332122113865e-01,-7.722104522304557017e-02,4.258436586298290916e-01,4.182057558879720971e-01,-1.776011754048402169e+00,1.063940987560856088e+00,2.525688459966234922e-01,1.384532047593906245e+00,4.441983272906718794e-01,1.101322957735762165e+00
4.665453114501269538e-01,1.346225756202748203e+00,5.222506360177785467e-01,-9.791524644290405810e-02,2.272434720446881773e+00,8.890371222798920670e-01,5.737444210044131410e-01,-1.276304416538335929e+00,-1.288307617463537724e+00,2.927154821418533892e-01
1.455211977682407953e-01,-6.141225650083161902e-01,1.409826996120599751e-01,1.588626928043595621e+00,6.954024745502986882e-01,-1.141008509752738265e+00,-1.115088271429437033e-01,-8.049664808525608395e-01,-3.876999164085611627e-01,-4.136156656296427481e-01
-4.776455826040051922e-01,-1.255135371973394864e+00,-1.276546815181900385e-01,-5.606076368473096316e-01,-2.929448690002268041e+00,2.052972024501662940e+00,1.088769654216672045e+00,-3.763007249249960551e-01,1.881904974059842375e-02,-1.171654347317561795e+00
1.695722877810865281e+00,1.897288694773111573e+00,1.566937282465246106e-01,1.023530644185344674e+00,1.752867789339238591e-01,-1.336725438875930649e+00,-4.118233689636572881e-01,1.319279667719570615e-01,-4.545477187434441846e-01,-2.186532774350359865e-01
-9.139955750911514520e-02,-8.087849786546193187e-02,5.225849049748321207e-02,-1.060605066396600904e+00,-7.170161491279362087e-01,-1.284584265699969308e+00,9.778155496862003249e-01,-2.105646941840324526e+00,1.153590343316925892e+00,1.386349397262843786e+00
-3.021805869826214019e-01,-2.603137087827298579e+00,-3.613105619672905000e-01,-6.418416128881927751e-02,-1.010598219928913633e+00,-5.152183938082428583e-01,1.530195198863351314e+00,6.649271623017409816e-01,-9.245641143780997107e-01,-1.597599169595431912e+00
-3.270173176097708190e-01,-2.134567793504380528e-01,4.961991873633163075e-01,-5.353167125676590032e-01,5.114995753618613028e-01,1.935154040060228953e+00,8.155010224442625910e-01,-4.808850733077258549e-02,-1.831504710532946834e-01,-3.566731341798712318e-01
1.180640912452144420e+00,-6.273134459513026728e-01,4.522270899998256238e-02,5.119790188108534063e-02,-5.017841928115320815e-01,-1.372465547884101023e+00,3.229745036176685513e-01,-6.100397185538362216e-02,5.002404694365698568e-01,-5.336003064391668937e-01
1.220821298813047795e+00,-8.767737812118447938e-01,1.712040284017892544e+00,-1.747636509828261575e+00,4.347700645568911559e-01,4.754306825266234604e-01,-7.955570679408823231e-01,4.243939378610125934e-01,1.279518669760158822e+00,-2.216818839354064430e+00
5.027448074908146269e-01,-2.493270820330077520e+00,-9.656648035232080485e-01,1.629166364900945130e+00,-5.817820333920540321e-01,-1.173879964408972576e+00,-1.979377289846818710e-01,2.067906338163552071e+00,-1.831682247206026126e+00,-1.051309911639344508e+00
1.497431683179626383e+00,1.857702343537732448e+00,-1.034312242902839241e-01,-1.239052702526642458e+00,2.095843501809159015e+00,1.594442391749196775e+00,6.789469877622329452e-01,-8.124023489374200269e-01,-4.902934083803654058e-02,-1.603600810448301273e-01
3.308513046155777126e-01,1.451001438131335863e+00,8.794170411374031548e-01,-1.077376076984758235e+00,1.376496450019537798e+00,3.131321400131553134e-01,6.870657958589162506e-01,1.466540859278602893e+00,-1.111580249513551166e+00,-3.582557870646293358e-02
-5.314545513592150439e-01,-1.567859425365455861e+00,3.467099776049198945e-01,2.511556551584423591e+00,-1.840077744505752788e+00,-3.228061104947032439e-02,6.405429350747734452e-01,1.230782016561811493e-01,-1.131280525157404016e-01,-1.299216363445824252e+00
2.327867429401636323e-01,-7.567639770159263479e-01,-2.189921704978553318e+00,1.194592220513730707e+00,9.583858198420424079e-01,5.166097685107980120e-02,2.290746882057026201e-01,1.074318012715561821e+00,2.243396567780825968e-01,9.040175547613144014e-01
-2.974822008738501333e-01,1.311983738573946567e+00,3.207857259326838961e-01,1.940519436058740221e-01,-1.270061088712032049e+00,2.869558543017087238e-01,-8.319549174944511627e-01,-6.382827265284941598e-01,-8.153756283161213148e-01,-1.066234931899225247e+00
2.124771403016961546e+00,1.331339061988403127e+00,1.920367502144261218e+00,-1.222895019555563900e+00,7.125374991089249155e-02,-1.293507625204095790e+00,-6.956948771970640211e-01,-9.181269834165748378e-01,1.239584006441561526e+00,-3.962296781017598524e-01
1.068379333694016387e+00,6.041208895885179508e-01,2.303638752104788967e+00,-1.479444223139724013e+00,1.259233239786798908e+00,1.146440870400727619e+00,-9.733788380270346208e-01,1.007133336473159613e+00,3.361449630262288157e-01,-2.274762599534077834e-01
-8.239354869719998087e-01,-7.191094514491861434e-01,2.049812095785926047e+00,6.828189574826279808e-04,7.821300015314591736e-01,-7.908993816675531363e-01,-7.798529462216388097e-01,1.081984809249942225e+00,-1.349576211551532179e+00,-4.152137679052715358e-01
3.402741107223204720e-02,1.113726018400524181e-01,-1.790932850161564005e-01,3.958197810959234175e-01,6.928557558178115583e-01,7.346375454593300214e-01,-9.858038086678266865e-01,-2.841550979287971734e-01,1.194762861876937698e+00,8.946471875738722934e-01
-1.372859451481063919e+00,3.514799003522016685e-01,-1.978225249374810257e+00,4.693490206036962653e-02,1.897767016745977031e+00,-9.478927172689862735e-01,-8.343230454915820937e-01,7.640297815728595010e-01,-1.542801515209645924e+00,-6.327550298850390664e-01
5.964411375817526562e-01,-6.342858476894031039e-01,-2.359699872109716212e-01,7.441857103150345543e-01,4.215460835365612557e-01,2.668183962954018829e-01,-3.391222792700389621e-01,3.700611152689555761e-01,-1.237326800997567006e-01,4.578056099257850620e-01
-4.969320251179782377e-01,-1.825689743795411157e-01,-9.899577925520138821e-01,-3.500761000623590219e-02,-8.110008636288447148e-01,-1.114046450161993107e+00,2.586611478553881294e-01,2.127397758576603237e-01,7.828737349485724861e-01,-4.311255695750990657e-01
4.080528468367558559e-01,5.507975722736633273e-01,4.447738078315947585e-01,-8.256536828021421304e-01,1.493634822711888965e-01,3.641402960546613610e-01,7.178466907941941783e-03,-2.086477658371084676e+00,1.604896239734800722e-01,2.212531039397242605e+00
-3.600392687569827221e-01,-7.280770978553211537e-01,3.733485597113981869e-01,3.123782104665717152e-01,1.192735165416414667e+00,-1.257868155908888008e+00,7.313802525749923955e-01,5.904220612514634592e-01,-1.421465369405459644e-01,3.386873179216896013e-01
1.029457481598357260e+00,8.723153800284503268e-01,-1.143019312073728644e+00,8.201581867554844640e-01,-6.468860503251772087e-02,7.287409801551453237e-02,7.319699100169420325e-02,-1.502429887982593970e-01,1.191707497107064917e+00,-8.371795984921201472e-02
-1.119546128383168693e+00,-3.935298559697288368e-01,1.786947168104756067e-01,1.229214784297050445e+00,6.030946849488335593e-01,-8.505352787470439324e-01,2.485189916678891553e+00,2.647753109779796277e-01,1.275390737999014812e+00,-1.517144335772291353e-01
5.333592447054493757e-01,8.394685045184047123e-01,1.218194711754255977e+00,1.057368305378225015e+00,8.721970000729778461e-01,-3.150867311941086268e-01,-5.717460419560616014e-01,3.326075103241977193e-01,9.331280723410693145e-01,-2.227207007766070501e-01
1.065171965714386548e+00,1.452616745486179362e+00,-9.163209190734197263e-01,-8.369207037962799189e-01,-1.403750589053363029e-01,3.076126681891961367e-01,-5.245670137670509492e-01,1.352202678867144403e+00,4.240668615184511880e-01,3.944704824073948929e-02
-1.435909523868527327e+00,-1.315815816427506890e+00,2.810092502818062887e-01,-2.132595626154836221e+00,1.012637409644071784e+00,-1.581538443723203013e-01,3.243092969594732367e+00,2.307916250616110165e+00,-1.814490692475167477e-01,-1.063370025313149642e-01
9.955815140020297660e-01,1.703172609918037761e+00,-1.638029057436016789e+00,-1.786375465354686609e+00,-6.220348055543813981e-01,5.827375831738643708e-01,4.968735905075971071e-01,1.069771454983850179e+00,-1.199697528365308186e+00,-2.316143862968876643e+00
8.580141953021453993e-01,-8.281962729652345701e-01,-2.018487864388637920e+00,1.450637459593816236e-01,7.931756882186773439e-01,-1.220571321212772647e-01,-4.578483861824892420e-01,-1.593622321459065572e-01,-3.705827624007828613e-01,-1.348047111940167131e+00
-7.146806769904318068e-01,5.212799050138144930e-01,3.216785413765000934e-01,1.680598059668202415e-01,-9.951484818533794519e-01,-1.815031621356671399e-01,-2.177065046442854701e+00,1.784766638853897414e-01,1.428857707813567357e+00,-1.474132132042105692e+00
-5.859276733177553043e-01,3.291067787101295550e-01,1.252842634427483892e+00,-4.482246163001494810e-01,-6.922503292658963581e-01,-1.968923142416083127e+00,1.034381293081063774e-01,2.042076040143744109e+00,2.773584619646758953e-01,-2.227897918371331623e-02
3.220823107669854579e-01,-1.109200394860205934e-02,-8.130143722601298473e-01,8.232799156777053096e-01,2.257615231117544030e-01,1.761325193365731456e-02,-9.753660272782499474e-01,1.303507931934759112e+00,6.647027453331099123e-01,-5.529208373673020205e-01
1.001824853681937189e+00,-4.975708383852071592e-01,-7.820034925110369572e-01,-7.597031174802870712e-01,-1.771068553088091191e+00,4.715423804182057310e-01,-1.831144878338350157e+00,-1.228443831265762620e+00,-2.075588009078533247e+00,-8.606969279089306257e-02
-1.503204602718720695e-01,-3.266962131863640484e-01,-1.042577694670576260e+00,-1.172233753436640047e+00,4.643698635465741686e-01,-5.505519317084877073e-01,3.163583215361447376e-01,-8.852486861242224725e-01,1.810627427710823356e-01,1.303278037316063731e+00
5.861658003927833205e-01,-4.124138182164803768e-01,2.571989703559273699e-01,-2.406651745302130219e-01,7.880184694728160563e-03,-3.256110521485039988e-01,-1.643352058853914111e-01,2.120933530741755391e-01,-9.933586995819506660e-01,-1.015878826989978334e+00
-1.388542553831211057e+00,-1.600271104503709907e+00,-1.217282692220479356e+00,1.594625068041291838e-01,-8.927875154918840650e-01,5.136144642310962460e-01,3.471374875256186265e-02,-1.968504213438053707e+00,6.549755842216897772e-01,8.107986455917098878e-01
-9.938626748348533546e-01,4.201915428949916098e-01,-8.564982374091989481e-01,9.767037674833539684e-02,-1.264498406954965626e+00,-1.793106452534576789e+00,-3.828171896129686780e-01,-1.237289462748361463e-01,-3.976796936146040351e-01,-1.184030558222559426e+00
-3.998990621311370730e-01,2.692947525807339870e-01,-4.489303012253698100e-02,1.825010305992134096e-01,-6.701152004542330065e-01,1.171717914716159825e+00,-1.176173336554780624e+00,4.875602970867186081e-01,1.181891092959961531e+00,4.809080927488953994e-01
-2.025242270648299481e-01,-5.282970466629789419e-01,1.036087651046255997e+00,-1.422974925261673018e+00,-9.701242603796436104e-01,-3.975577654917213932e-01,1.237653757511998132e+00,3.797676360408960283e-01,-9.680457585102453244e-01,-3.103077053849036537e-01
-6.143231440962944045e-01,-7.097889922335350876e-01,9.788895585567790603e-01,-1.371743129263505390e+00,1.608780855734373461e+00,8.282296901846227799e-01,1.090861670603697986e+00,-4.629395120252582929e-01,-1.499407190791093858e-01,-1.433151814524712186e+00
-5.246624070668030049e-01,4.936548476431508736e-01,1.296063061781396186e+00,-1.107156816802451704e+00,-3.655059369852658446e-01,-1.512992202325223190e-01,-1.395789202192485146e+00,5.913492417584003125e-01,-7.239903317426090723e-01,-1.953903511770239687e-01
-4.519493719118776731e-01,-7.893385057196743437e-01,-7.044985480554699468e-03,-2.156095785680223753e-01,-3.718578822786655635e-01,-7.284616216803427857e-01,3.195246707829554333e-01,1.653617268492284964e+00,1.398872328391273789e-01,9.961182149111289519e-01
-1.390221925153462657e+00,1.577614392937694843e-01,-1.097368318971066570e+00,-1.476924927531901410e+00,-7.393714074590361784e-01,1.191899334413572653e+00,9.500158286696456233e-01,2.430047220543996855e-01,-1.532700559889930814e+00,-1.962806513879367942e-01
3.017000089017355391e-01,1.755362295785979077e-01,-1.843793583480745735e+00,-8.903178480198717937e-01,-6.407776414871663162e-02,5.362909095171899398e-01,-2.196127821099946420e+00,-1.621239754798584343e-01,1.430487698789523476e-01,8.496119885162131125e-01
6.928575842374367078e-01,5.825713188088051941e-01,-7.999405067019341731e-01,-1.908002137123307573e+00,-3.930527570614009703e-01,1.001631825208560089e+00,1.393454527524431441e+00,7.105491022977853399e-01,4.293408228017343564e-01,3.796396483859654780e-01
-5.561187467607805468e-01,-1.300602935536200322e-01,1.669069525826331502e+00,-9.425580057918765409e-01,1.614778790709851419e+00,-3.220281544920584049e-01,1.325432109095078470e+00,-1.406815009497538238e+00,5.859042011646491410e-01,-7.367701359476219736e-01
-1.415267191924187484e+00,2.185340424109456781e-01,1.009471788595968755e+00,-8.449414385934963523e-01,-1.499015960458401242e+00,-9.184476433495512848e-02,-8.743532877718111773e-02,5.483196275544990339e-01,9.495945713644882158e-01,-5.941518127249409420e-02
1.855503314794263003e+00,2.242347445352917690e-01,-3.464265060068996149e-01,-1.611567359102827890e+00,-2.626595203161677383e-01,-3.363869454111362289e-01,9.603047962814703631e-01,4.624836240668540599e-01,-1.179369121632617201e+00,1.722543864110374912e-01
6.715311717290534110e-01,1.528031359387832744e+00,8.875039674140593471e-01,7.608466543114777991e-01,6.008599461516361123e-02,3.883120054234496243e-01,1.249504900706158717e+00,-1.332777397479649739e+00,-3.494393272169559750e-01,-7.725687487562409306e-01
3.791531187261241165e-01,1.230222175650787619e+00,-5.969742867210738879e-01,-2.390304367469437974e+00,-4.122207450244701477e-01,9.134737320174065589e-01,5.376299029498796678e-01,4.281862478105761260e-01,-2.799933018744797386e-01,-1.279030736219786357e+00
5.152943216244674218e-01,-8.342818100346247601e-01,2.184096733380456179e+00,5.705072083545159600e-01,-5.806483025539507237e-01,-6.113852473886278727e-01,-9.294420661358827884e-02,-2.395019220217497746e-01,1.116833775529954220e+00,1.864161697440463172e-01
-7.316317389085280620e-01,1.890440685155782674e+00,4.930833152022265353e-02,7.688396759688971294e-01,-6.082265074447592568e-01,3.631156277445233838e-01,3.111099911431952636e-01,-1.889649292096153177e+00,2.015275110460640118e+00,1.290644460922547143e+00
-3.971953161459876314e-01,-1.102269740455855462e+00,3.475616138035520497e-01,8.669769941439658956e-02,3.556689485632293923e-01,1.915773961940896164e-01,5.062409893059260924e-01,1.447305699391806533e+00,5.681032051286460938e-01,-1.049655498909941143e+00
1.362562852712451811e+00,1.640614563488287159e+00,3.152056734512084901e+00,-1.123494033239597956e+00,2.428820131502750224e-01,-2.082098703188987709e+00,5.531491563792091393e-01,-5.482002981667726260e-01,1.923445794824953259e+00,-7.746149700185819276e-01
-1.689183037967261658e+00,-4.712637407025196401e-01,-1.975487771217137478e+00,7.510994545073100825e-01,-2.065083046256320554e+00,2.845758118315887958e-02,-2.077811819856196784e+00,-3.202978045366419169e-01,1.643378155804533947e+00,3.606478914357949539e-01
-8.634936049649339918e-01,-3.120348893908397522e-02,1.801687204444658505e-02,4.726303458434056304e-01,-1.366858363280826438e+00,5.925672738473306556e-01,-2.704391631602775181e+00,-6.298845523638103572e-01,-4.882738424515446485e-01,6.333268260712384690e-01
2.263085267686914051e-02,-1.405563053856286659e+00,-9.849931258170151471e-01,1.986800095474068883e-01,-7.906734186455632862e-02,-5.791241096357467866e-01,-4.808337895119793592e-01,6.961679971592890093e-01,-5.176925728692146622e-01,-8.809124402907328455e-02
2.169936588080542794e+00,-1.423682636883923047e+00,-1.851842731574658618e+00,7.835896647986066998e-01,-6.786430612941034557e-01,-3.182375277426203741e-01,-7.811563781311141597e-01,-2.598001407675125107e-01,1.598538112096341113e+00,8.021284586181192111e-01
8.622235118869771009e-01,-1.416227055792645517e+00,-1.151153736552869233e+00,-2.839078659485426925e+00,-8.093808210827541094e-01,9.567031863856585439e-01,5.169465157483709161e-01,-2.215132629521238961e-01,-2.230028371805305859e-02,-6.888855425754057960e-01
2.047588824017841647e-01,7.658782794806148209e-01,-1.615886787410472758e+00,2.996476878373481312e-01,9.324348709546672609e-01,-4.151002889633695903e-01,7.007006121205836546e-01,2.814654444472552974e+00,-1.043427929868920162e-01,3.933070500053239549e-01
-7.380570836613915553e-01,1.812511626020504030e-01,4.602716249823038397e-01,1.948423402701380536e-01,-1.019695319708856740e+00,2.063617713254506936e-01,1.462195938717636867e+00,4.486357645145273021e-01,9.619871890718409979e-01,-2.370119700126277207e-01
7.499002394237102020e-01,2.792678382165258988e-01,-9.509107296872320036e-01,3.185210047988744630e-01,-9.916966634403104885e-01,-6.328802748847919268e-01,1.893283072923741261e-01,2.972442733801240466e-01,-1.189232465077129097e+00,1.053985771182876174e+00
5.720062783004729035e-01,-7.047284356108838299e-01,-1.537584796449175339e+00,-1.449045790814313117e-01,-4.459437138611601625e-01,1.131404570530228082e-01,-3.631166611555665114e-01,-2.007456860745009841e+00,-3.883469383011581844e-01,-3.056191110683127432e-01
6.336610247740587232e-01,-6.981996746110497032e-01,1.678674673372566151e+00,-1.911640550651757087e+00,1.311167497802624426e+00,-2.243189708781047897e-01,8.595848723435561833e-01,7.980148405873309370e-02,1.139555536025469218e+00,-3.873619645528112443e-01
-1.098620425177812221e+00,1.420504287271063149e+00,-1.134806458821414066e-01,2.215584736242110497e-01,1.234751914044795118e+00,-1.031955242094434899e+00,5.954908976392573328e-01,-5.898947564628909124e-01,-1.321693556443718498e-01,7.227896538428889295e-02
-1.500221861446936034e+00,-7.788370428204347551e-01,1.351072892413139215e+00,8.861911885847956194e-01,-6.263957732723486604e-02,2.431234585128930759e-01,-2.942425056364576519e-01,1.356583385827982102e+00,-2.003525777941638775e-01,2.318420921348480490e-01
1.146030144142065055e+00,-7.773714848459065685e-01,1.558789184496893965e+00,-1.530461409743376855e+00,1.629642131112798653e+00,-3.726755839519745872e-01,-2.426987478252817521e-01,-1.890010171182942900e+00,-4.547947173776928920e-01,-1.039806531026884251e+00
-6.076463453734726183e-01,-1.373109657888796076e-01,9.577916144729056169e-01,2.076033514006257741e-01,3.076766534011138310e-01,-1.095519388845562325e+00,-8.807540896027300503e-01,1.798725018351311489e+00,-7.352010347632466081e-01,1.656208252057295605e+00
-2.430611988808664969e-01,2.287936143504049318e-03,1.070365160229929780e+00,1.271892421938656481e+00,-1.108125602790874104e-01,-3.882430535215385947e-01,-5.592044852221311757e-02,3.379575282321182761e-01,8.913036868697554738e-01,4.229858994151576568e-03
6.188862980231536470e-01,1.638359732270940894e+00,3.813096122647846586e-01,3.116528560047783225e-01,-1.518910825090067807e+00,-2.630730136829063426e+00,3.883757292301683317e-01,-9.482423128087223707e-02,-5.147826749147419445e-01,2.435302041863446343e-01
-6.040372919690829151e-02,1.127780250633898529e+00,8.611086825897790176e-02,-7.469232850701675863e-01,9.901662389592890134e-01,-2.171310749462024847e-01,5.265366836723071042e-01,-4.774107061928004603e-01,-6.498268854974363906e-01,8.416823018569614956e-02
1.282864354368511324e-02,4.798270353668326882e-01,-2.686457533097425521e-01,-1.836359783770397325e+00,-4.327738835883886970e-01,7.938184671438158757e-01,-2.973760792431064393e-01,-2.463834025145480167e-01,9.863765059059370621e-01,-7.119732272589227584e-01
-1.542803218242899677e+00,-1.606311195254943591e-01,-4.841739512487370223e-01,-9.662463197532540349e-01,-1.753784558986908326e-01,4.915056472467839721e-01,-9.288561567815746545e-03,3.069810726862377548e-01,1.813407698515423050e+00,-3.428788615575640852e-01
2.783486346446695792e-01,-5.092133625991345225e-01,-8.463597198869728944e-01,-5.849076534177698461e-01,-4.787585715216887139e-01,3.594757975471256639e-01,2.349075786700757451e+00,-7.160434362758403282e-01,-4.166253056154625156e-01,-6.312301311124825232e-02
3.957988487097467978e-01,2.635508119547848027e-01,1.284095793948117459e+00,-2.426392070535208667e+00,-2.386929870195672709e+00,-4.958781720101492763e-01,1.097300187543708727e+00,-1.565648031605596291e+00,-3.007632339693757206e+00,5.711794062192087074e-01
2.436572237027144205e-01,-1.090208406799429763e+00,-9.855396007209299425e-01,-9.697437196346744281e-01,1.105353174739401312e-01,-6.263152761830069748e-01,4.940639189755196559e-01,-2.854626662904391043e+00,-8.568518651277994280e-01,-1.126053960911050478e+00
-2.563406783724921922e-01,-5.380477584901385280e-01,7.978437798957666027e-01,-1.859336771660057508e+00,4.549147633075199815e-02,5.583364232117055126e-01,1.856647436561954745e+00,-4.817659710934751871e-01,3.244586043525170549e-01,-1.803862792562364925e+00
-2.391956204313023804e+00,8.447743757816998933e-01,-5.560293648070565968e-03,1.178512689798422830e+00,-1.373402888969748936e+00,5.199021395287525271e-01,1.868817840543853137e+00,4.197056083572658913e-01,2.765815055910487708e-01,8.556080824349832081e-03
-1.570881457125912206e+00,1.355572935710348093e+00,-6.108576398050657996e-01,5.044832563830169425e-01,-1.563034306571253529e+00,-1.179459664507780392e+00,1.435087399222235494e+00,-3.473022889578429306e-01,1.453275476042544589e+00,-7.823065905851780966e-02
-1.841897772957857393e+00,8.920675997317205619e-01,-5.898923177556077979e-01,6.986888135170434833e-01,2.521086754008210890e-02,-1.543118227942870124e+00,1.642947653705690569e-01,2.196223142152799124e+00,4.929864585144592137e-01,-5.751775300546312780e-02
1.075343401956897704e+00,2.106684652031108052e-01,2.095342302627943298e-01,-1.091625172159102597e+00,2.338480257895983738e-01,1.035443416416944817e+00,-8.360621521000248801e-01,1.424495821246948069e+00,-9.170602414512597778e-02,-8.877695115385406677e-01
9.976320769202444705e-01,-2.867942357382692875e-01,7.595148874861078481e-01,-2.917586322585371539e-01,-5.982614352990369561e-02,4.935602043342915968e-01,2.908970575900058919e-01,-1.995531780451738513e+00,-1.121243740094391983e+00,9.294099847908157130e-01
-1.321365889015472528e-01,-5.237313027714217695e-01,-1.358574015257474343e+00,-1.079736321275848399e+00,-2.021798639961947419e+00,-1.012807187015328791e-01,-5.984375805810469018e-01,-9.665878909853151679e-01,-6.812342516795309721e-02,3.639706308527381196e-01
2.093197932209944767e+00,-1.511883419563213593e+00,1.159381043300522052e+00,9.731015610150719475e-01,-7.790927393767005382e-01,2.032359545860310257e-01,-4.576332493376152333e-01,1.856885804187389244e-01,1.509131013404550581e+00,6.056062326313129685e-01
5.086083732334419905e-01,-4.303093199546423886e-01,-1.484056664924335189e+00,-2.084682105404079000e-01,1.206608154863915150e+00,-1.527167856589647599e+00,-1.055089368176695075e+00,1.262677362340681730e-01,-9.846547848472624320e-01,-7.925234471152126092e-01
-4.235985817281770482e-01,-1.365617404190149209e+00,-9.741218462163683256e-01,7.034279167873087601e-01,-1.307369782230964006e+00,-1.597872134494837670e+00,-6.300249795338943581e-01,7.319555025098457568e-01,-1.969218079968896307e-01,-4.645810781156184954e-01
4.435879751560704853e-02,-1.745707432859652020e+00,4.947056537750326721e-01,3.834350314036443219e-01,-4.093084740957212420e-01,1.005924511796416621e+00,-1.127496098953038706e+00,1.127908993253569303e+00,1.544936655952511284e-01,-3.365525898781733805e-01
-1.987363536831156935e-02,-1.072647658109417423e-01,1.220282896417717255e+00,-1.076679127471013686e+00,-7.625192391465982489e-01,1.036302892072479720e+00,-5.955349351838592487e-01,9.005330773315916026e-01,1.699435983008709572e+00,-4.017950269416336595e-01
6.813623265753053770e-01,-1.153692281339858461e+00,7.547332980678091996e-01,1.994239859867671105e-01,4.730382821602152066e-01,-6.455720720353950171e-01,-1.661083415567172539e+00,5.032520647495047905e-01,-2.063403152479454494e+00,-3.173504922425348096e-01
9.411818664199697038e-01,1.918977358730360738e-01,1.948342644789812672e+00,1.025109152581773264e+00,-6.538983883255764518e-01,2.731337985143866831e-02,-4.737070254443594836e-02,-1.582176763346127224e+00,-9.403989164843532533e-01,-5.607609069798602519e-01
-2.036220502855936587e+00,4.749346825164295349e-02,-2.490718446530407193e-01,-1.672893901311574227e+00,4.042128652773319120e-01,7.158727446909592951e-01,2.270344788648888945e-01,-3.240681752089701884e-01,5.914421517518548832e-01,6.802203604766910994e-01
3.074035697196884076e-01,-8.246122504347609405e-01,2.766007655111806240e-01,1.195480650825478719e+00,-5.966290586117302119e-01,2.097939339132431247e+00,-5.256309339853844076e-01,3.240701334013621621e-02,-6.724855960063361726e-01,2.232708359202608683e-01
-1.742221692635275154e+00,-5.460417988167212133e-01,-1.092121200348567189e+00,1.353383478922909056e-01,9.944473755089073830e-01,6.460061871145514889e-01,-2.371659360858892285e+00,2.042069652927880341e+00,2.952799406208683752e-01,-7.764991404930002838e-01
1.571279189909405016e-01,1.761898225026920228e-01,-6.668487169515636692e-01,1.979166673420754974e-01,-6.074722876203072497e-01,-4.043619926900227646e-01,-6.862791357550844795e-01,-1.432671289739652742e+00,1.458364702153839010e-01,5.852994365163380897e-01
5.148835960763721298e-01,8.199252526352340809e-01,3.243402100148681799e-01,-5.327254982169035147e-01,8.396638644311887889e-01,-1.357517539841935017e+00,-9.006713825124801343e-01,-9.642000714232447089e-01,1.080056059139310243e+00,9.427885141400755842e-01
4.873052370449948434e-01,1.071929865211797228e+00,-8.792827824119880953e-01,3.485951198609804069e-01,-1.251744283831642268e-01,8.468821038849139171e-01,-1.152242325521975891e-01,-3.849428884100811743e-01,5.409085185609899815e-01,8.761691671912328339e-01
-6.683451948468016601e-01,-6.107567135237609857e-02,-1.058440633641652751e+00,-2.498061017492939406e+00,2.004596314137289947e-01,6.089053562546319354e-01,2.620668090867255273e-01,-1.949561717754367152e+00,-3.508494300764745666e-01,-2.218347760051081252e+00
1.369701107654184957e+00,-1.086054582118086254e+00,1.255403609459896375e+00,9.458696436841456112e-01,-9.005903525360619000e-01,-1.132784951267745255e+00,3.503702163863384178e-01,-8.443240371830713631e-01,1.024846421582075312e-01,-4.828275908069183386e-01
-1.781158414465633388e+00,-2.230468019124459023e+00,2.266842484945971736e-01,-5.615577463306253847e-01,-5.530898169141322818e-01,6.958638390937853524e-01,1.173442276632444825e+00,-2.725447213618091835e-01,-3.405987069098616038e-01,5.001430331138839724e-01
-1.356935569699575295e+00,2.231530547476970050e-01,5.518859718221540422e-01,6.802302084176291563e-01,-1.936752702502464896e+00,-7.613552698089406379e-01,-8.782632528234666225e-01,9.988695440921298296e-02,4.807445797679839594e-01,1.496710407445981383e+00
-4.949654803680733073e-01,-4.975724983092140730e-01,1.149672018878747037e+00,2.965769385303050898e-01,1.267651511187973812e+00,2.887280030098363093e-01,-1.157116618713270872e+00,-1.333128354777806557e+00,-1.551512249058929260e+00,6.620518347584732899e-01
1.188596823087008092e+00,1.849362141386380998e+00,8.431053323232401420e-01,1.162838577534985873e+00,-5.800163326536846853e-01,-1.156415816743856739e+00,8.500793324175532906e-01,4.176807522394006544e-01,1.074443743408925456e-01,3.873714806329898730e-01
3.231854824582058860e-01,1.283816859853561310e+00,1.294985584816955804e+00,5.442203523403470466e-01,8.458028725629281874e-01,5.140625524247758316e-01,-4.611697320346189177e-01,7.565646749131400561e-01,-1.394495068859261666e+00,1.053891552295883161e+00
-1.194522939766035075e+00,2.858032867947329358e-01,-8.451539584261589244e-01,5.533889830744267435e-01,-3.392522592790888497e-02,-1.594755958163332821e+00,4.206996310184788479e-01,-5.779207768327105921e-01,8.811467208133690887e-01,1.325688734407229471e-03
3.954209853880382708e-01,-9.575689550152122198e-01,-5.893322314273619078e-01,-4.586386361010845181e-01,8.567024802425556862e-01,1.677377087805489220e+00,-8.051717517428762516e-01,1.076848144657680306e+00,-2.169677417725702107e+00,-1.194189401092289327e+00
-9.587784561867747080e-01,-1.352508689440722112e+00,-1.583588389787579986e+00,4.129989121377975470e-01,-2.140676977278613835e-01,3.794053976051097177e-01,6.904726861215130240e-01,2.656169931725334554e-01,6.577631761503737184e-01,-6.953228624226938381e-02
-1.186993388305744856e+00,1.057814180820796146e+00,-5.891121327811269515e-01,-9.355962987624258931e-01,-1.779178758043981623e-01,-9.128109192965130347e-01,-4.174303819894322198e-01,3.440539215634664805e-01,3.483417392461270468e-01,-8.978300664256296804e-01
-4.877053729487446088e-01,1.074333004770243738e+00,4.964001177339411042e-01,2.075065039348541696e+00,1.180128173741527675e+00,1.144293068559939064e+00,-1.387868550455801930e+00,7.638603516334225851e-01,-5.310680169691064934e-02,-5.509818035382495482e-01
1.680153405325284233e-01,9.452115346114832173e-01,5.008315910042114849e-01,-8.784738013420596570e-01,7.424589135926201733e-01,-6.375875420759637979e-01,2.166831189642862143e-01,-3.033500674771342220e-01,-2.188662517356257109e-01,7.662429750405095330e-01
-1.040193719815897921e+00,1.945195074276933056e+00,-1.821086069294496346e+00,-5.976676832548570850e-01,3.702118899417408682e-01,5.843141664353096454e-01,-1.004757205717059926e-01,-5.739070300154288512e-02,4.105500853276165540e-01,-2.310694774576803057e-01
1.393181257934905881e+00,8.393491142316021891e-01,8.728243510056347132e-01,-9.661567233704171365e-01,-7.938842440570287318e-02,-3.004659487207037016e-01,-1.005601375689465726e+00,3.601641839457669358e-01,-5.376457577798164911e-01,6.554038298502370408e-01
-1.070191562894331705e+00,1.719040612841820970e+00,-8.963326585920617928e-01,2.193023372004360705e-01,7.918593103880675610e-01,-5.706404302001127915e-01,8.524686434329505902e-01,-1.229183597800416194e+00,1.452117699182560395e+00,1.414926496575829272e-02
-5.964114079688799253e-01,-2.991817724274346002e-01,8.089192693927194089e-01,-5.844552918504382077e-01,-7.493576894227775842e-01,-2.215365975837381707e-01,-1.176962112769968094e+00,1.820543907941815531e+00,-5.663945912147232420e-01,8.316167861804035777e-01
2.094700836477725869e-01,-9.845340504819680705e-01,-5.954709212729383458e-03,7.840027793107480214e-01,-1.882613350863065749e-01,1.193112945851028117e+00,1.021515392781863873e+00,9.189148546583293387e-01,-4.596567722729969496e-01,-1.079842447781486969e+00
-6.135876053627944415e-01,1.962409406667204592e-01,5.457867135323555274e-01,-2.171571404760447521e+00,-8.113201611750289755e-03,1.580892253231844236e-01,-2.775442563155515741e-01,1.291273839015878888e+00,4.217800742508708844e-01,1.310191908080897027e+00
-2.159605203502322213e-01,9.374774925069249143e-01,1.635066394527519451e+00,1.311693449272661072e+00,-1.092141593428733071e+00,-2.536760775423809733e-01,-3.451647054497966050e-01,4.892545350763278789e-01,6.863535550145331010e-01,-8.388926740257363068e-01
6.783851391693768162e-02,-2.019927332156136401e+00,1.441945005801889890e+00,-5.123742406766935709e-01,5.586393984449690431e-02,-3.096497139880608485e-01,1.146027575013415012e+00,-2.837506441397378953e+00,-1.661034232590898746e-02,-1.058187574976978823e-01
-4.536363875916827881e-01,1.726226545635632492e+00,-8.873294588557711915e-01,7.717961772356611849e-01,3.562527887060835674e-01,1.261519252535515889e+00,-6.671890847775053812e-01,-7.329688991237589546e-01,1.096069907477398520e+00,4.253213083301103925e-01
-1.544937346676758638e+00,-5.393050144632703935e-01,3.863826538480609751e-01,8.377642215465891384e-01,-6.792306531929550584e-01,-2.914255989816941117e+00,5.232231857370331918e-01,-1.220320689943975800e+00,-2.017338798122411347e+00,-2.832325924984140819e+00
8.139808601977411850e-01,1.286174504049665268e-01,-2.256563807122516363e-01,1.389024362962761661e+00,6.373246830230725468e-01,1.616300042721916519e+00,-1.392735472166996447e+00,-3.455062395396351488e-02,-1.616713374948014259e+00,-2.293823318554672197e-01
-2.486158537666772472e-01,6.266136372630706219e-01,4.556388114189831307e-02,6.234071382799155625e-01,7.034401331388941969e-01,2.154928677383141977e+00,-3.152966552861243832e-01,-9.410227006663790528e-01,2.460836153164088214e-01,-8.022800271395434946e-01
1.481960768436535902e+00,-2.832180389452325642e-01,-5.655763678739901268e-01,-4.713157211511178057e-01,7.184174234716409480e-01,-1.577469832314852549e-01,-6.416668201303822316e-01,1.665351917623530742e+00,-8.561698406617500590e-01,3.556607403299352765e-02
6.523061516102304225e-01,-1.631335110417073242e+00,4.802605014059249111e-01,-1.055107675480449370e+00,8.227827808340024696e-01,-9.626510119189763959e-01,6.927690318488607391e-01,1.105833066294712896e+00,8.614365256328049281e-01,2.513166482381024025e-01
-2.313009429296995489e-01,-5.764195763348440860e-01,1.471034690817103918e+00,-6.994952201676432058e-01,-1.037066073569996139e+00,6.653689350328300112e-01,-7.961368031864954897e-01,-9.500634974661272825e-01,-1.443604262169764896e+00,-4.829098394605176869e-01
-8.271502389649319775e-02,2.430917276606987809e-01,9.513062442994834056e-01,5.268979236657936882e-01,-1.908722195531797894e-01,-1.981956763797198817e-01,5.101574689151834319e-01,1.272570162928569504e+00,1.263141994832001902e-01,-4.691308542104089541e-01
-9.928660010855454576e-01,-1.445205264412225521e+00,6.662696720435231645e-01,5.779785236395571513e-01,5.773635251066615570e-01,-1.286594463520558951e-01,1.406934745891750715e+00,-4.841184945848177046e-01,9.552692372072054683e-01,-3.874289498954302385e-02
-6.083507646793375745e-01,5.925303073177613511e-01,4.096361186839935220e-01,3.569727592669260097e-01,8.127842205619875693e-02,-3.789308171683087451e-02,2.388371992870438554e+00,1.184256645196172908e+00,7.228268949855121139e-01,1.117991582033882603e-01
1.007157200596669133e+00,5.179947763914518610e-01,2.620475277403562508e-02,-3.035643252659147029e-01,-8.091733766268820183e-02,-3.170425735878055651e+00,2.106008392976417842e-01,-4.884760801103597005e-01,1.592669998282884025e+00,1.934407081175429019e-02
-1.188963419534961874e+00,-4.988015412811769994e-02,-1.046121085062504230e+00,4.734074157124664173e-01,2.909473643394853704e-01,9.578396311082676418e-01,-7.908817916945654058e-01,3.400809622814680161e-02,-1.365021795426635265e+00,7.014947819247144833e-01
5.188711804401220373e-01,4.958050210275708469e-01,1.619031356941120050e-03,4.147728907887909267e-01,1.604339108308596273e+00,-2.850942570420139655e-01,1.386451837100844964e-01,-1.086126299181409793e+00,-8.682609615983323259e-01,9.781329309330738520e-02
1.103933546701907131e+00,-2.562808242515724477e-01,-2.359165293121239237e-01,-4.068852445043746879e-01,-5.347566708443231009e-01,2.949714557088215505e-01,-1.497257645178644569e+00,1.280939576666727531e+00,-6.654222981294604100e-01,7.219034854381412014e-01
-1.269998597393875883e+00,6.688401305462181590e-01,6.719446078144974965e-01,3.842020720058965111e-01,-9.944285217997922421e-01,2.495481895980770082e-01,-1.183056184734389005e+00,-2.527632550961853575e-01,1.029413100955326010e+00,7.967019270707420553e-01
1.518294254043312148e-02,-9.748065759228419225e-01,6.455877121741934177e-01,1.938123769802521310e-02,-2.320315598230423326e+00,7.826298263165181179e-01,-2.423283386969214345e-02,1.202451247983072014e+00,-1.095270518842804686e+00,-3.176703813196000592e+00
2.790838583451849542e-01,2.915636766819724723e-01,-1.690671627606451954e+00,-9.784995458666063683e-01,2.755217743719901691e+00,-3.056106141538033616e-01,7.309589763762162073e-01,-6.506598273683837919e-01,-2.090302898853156677e+00,-1.702582467959055101e-01
-2.656045602861051846e-01,-3.998782386683714662e-01,-1.146408355063924522e-01,2.642682716456365433e-01,-1.501169512538065853e-01,-1.264006167947363757e+00,4.861847915619388893e-01,-1.949371755322423239e+00,-2.050357457284200269e+00,7.391804947015678806e-01
5.070202721353568309e-01,-5.739536507403601023e-02,-1.395448504755071761e+00,-7.079109406740752286e-01,-2.627467476865040785e-01,-1.595893968574113586e+00,-7.390286580232329205e-01,6.523303381766798470e-01,1.427305364289216394e+00,-4.194347526585506247e-01
7.564883543160983992e-01,-1.914060070587467299e+00,6.594512411136115304e-01,-8.039484147274810200e-01,3.073456167079700596e-01,-2.477524182397092545e-01,1.320414009783834164e+00,-8.744356483399181590e-01,6.276062975618310613e-01,-2.795074632965334760e-01
-1.583054780096637693e-01,-1.838538931592096637e-01,-8.456731044941129261e-01,-1.409896590667157786e-02,-6.264822212182150074e-02,2.412402484067293074e-01,8.450514569286260436e-02,7.979945496122364812e-01,9.235086160473686689e-01,-1.050623321827801160e+00
8.687725005907710463e-01,-1.186336427109854430e+00,5.878558881377351497e-01,6.197387847028688057e-01,-1.911316891662504069e+00,9.297924652940965651e-02,-4.684961133603157135e-01,-7.587652579353749704e-01,1.350852330699005455e+00,-6.536791406374189428e-01
-8.063769291180498122e-01,7.569494000509344178e-02,6.855897462984164026e-01,-1.416485860101268923e-01,1.166370545669252135e+00,5.309756619640905173e-01,-2.178211319731430340e+00,-5.294669635070082814e-01,-5.618420993516988204e-01,4.793609534294220875e-01
-2.624817056374112223e+00,2.549009708717722589e+00,5.310260948942100434e-01,1.488768039176910918e-01,1.181567716419146263e+00,2.343654052812624844e+00,8.707466445884032291e-01,9.488130964716200433e-01,1.306900244643823261e-01,-1.415257533669482815e-01
-4.757954440049011469e-01,-8.261119917145420821e-01,-6.870140996994973381e-01,-1.350555964342983195e+00,-7.587145068502332279e-02,-1.684667577226386825e+00,1.909165241437106864e-01,-3.633060804234174157e-02,1.469352983866877849e-01,-5.221315700199924414e-01
3.076860370180503512e+00,1.360115900180312920e+00,-1.244542500084722780e+00,2.328680874268982404e-01,-6.080061429373235793e-01,-1.014479726707413931e+00,-1.340072071123934894e+00,4.322166907592539520e-01,-6.813802350695739030e-01,9.678260240252041235e-01
9.937822145304390231e-01,1.373914385211449485e+00,-8.523867660741035746e-01,4.753656106920102209e-01,6.324542166423008371e-01,-4.741781751039648718e-01,-7.717719573928750743e-01,1.609520665775972859e+00,2.274958757320537373e-01,6.359677507117379447e-01
-8.220760118279274442e-01,-1.219284466522193799e+00,-5.694497744921104276e-01,-1.240213873899970315e-01,-1.064220006817348851e+00,-9.844808650383004428e-03,-1.688505188068500029e+00,-1.120047422469872211e+00,6.709112482768750940e-01,6.037905202778941494e-01
-3.918767653868663881e-01,-1.017764309076953033e+00,-1.027403551526010927e+00,-3.732682459413140807e-01,6.445184916452914026e-01,9.282456913443245528e-01,-4.965317354819690499e-01,-1.153492425984783853e+00,2.678436378663333062e-01,-8.235349706258494606e-01
-5.182526388612024304e-01,1.325276090437037535e+00,8.271154285657680294e-01,1.579743122514516984e-01,-1.271919001112722825e+00,2.113965674706589082e-01,1.062657290787526465e+00,-3.756336657655355848e-01,1.351114089986715117e+00,1.292745289518206997e+00
1.663732832143473450e+00,3.052431265313529374e-01,5.873916998060122463e-01,1.414187288331089976e+00,4.473939370689756223e-01,-5.012341077902127129e-01,-4.485428365278610885e-01,2.385549537737390313e-01,-1.290561421946218701e+00,-1.432589153641926349e-01
1.096547118230253748e+00,-2.191253851165281041e+00,1.534482101794514941e+00,1.122374218703159565e+00,-4.597646158304762865e-01,5.433908278718095897e-01,3.147726906326633097e-03,1.229990368438683035e+00,9.826831427699411758e-01,-1.400070723183009180e+00
5.872624134641767357e-01,-2.056278536432476489e-01,8.283257051809990446e-02,-7.281719009698155443e-01,1.748137069120835330e+00,1.040061819902575957e+00,-7.397711639729672717e-01,-1.334610606910232589e+00,-3.856726309778482076e-01,4.345026460913057331e-01
2.402058439462229911e-01,1.253132824768243392e+00,7.899197221808522684e-01,9.695690257529068212e-01,3.268554006104373855e-01,-1.389298730210990485e+00,-1.956985311469014444e-01,1.060089739908665507e+00,-5.152292852464605832e-02,5.030903686237467864e-01
-3.187483152461331182e-01,-1.029811848541845043e+00,-1.233440640461104520e-01,3.090474430326539124e-01,-6.556877194614436632e-01,-2.357112448566685003e-01,-9.394632419859826333e-01,1.119244917564095942e+00,-2.944557575880339950e-01,1.452755545126183101e+00
1.528747850540908448e+00,-8.104596472174376010e-02,-1.008448732547349680e+00,-2.085897877733337236e+00,-1.472037073026791543e+00,-1.373834824898660045e+00,1.378469627461504698e+00,1.158245872269460935e-01,3.896045240919878139e-01,-2.220421008935125951e+00
-1.197966429217261597e+00,8.870797764462869939e-01,2.867741123825862104e-01,-1.472052786855972684e-01,5.648423586001225516e-01,1.635797806135815158e+00,-2.210424635370505653e-01,6.936980265806942658e-02,1.925969187313051334e-01,2.392109635273992563e+00
-2.099356264419025564e+00,6.832230147888079808e-01,-1.148022487590636687e-01,5.667717261841795917e-01,-6.573725539947243846e-01,-4.896503085845025499e-02,7.114105794654953518e-01,3.112910201043841418e+00,8.080361894020714475e-01,-8.480655980305086272e-01
-4.237596820227030880e-01,-4.534141083838538200e-01,-1.795643172630015050e+00,-3.300901917014372744e-01,7.328290818217449987e-01,-1.274232119076795122e+00,1.048482651050592462e+00,4.877748210843381726e-01,-7.342333219710378556e-01,-1.415296373378474304e-01
1.598321807641033043e+00,7.335478135058658422e-01,8.783654898147816650e-03,-2.376833169609842977e-01,7.660907045165961382e-02,-5.117635579423034375e-01,-2.104749505719014646e+00,2.042177910534730856e+00,1.553249991994014589e-01,3.981472651225371195e-01
-5.790774987690873454e-02,-7.351168007245881819e-01,-1.859244809487707317e-01,-1.599394762194311204e+00,2.277086498053304542e+00,-1.234511998422396006e+00,-1.031966283847179477e+00,-4.402592043864004268e-01,1.288075724852377535e+00,1.450899926265413614e-02
-1.236135796030462419e+00,1.254338360757339510e+00,7.310006267854813888e-01,5.384349572164524034e-01,7.157342411708403906e-01,2.394361900582450797e+00,2.185094895036112206e+00,-6.867153430032952866e-01,1.623884992811152284e+00,3.831681897589003238e-01
4.990958161377493929e-01,-1.692270831643328588e+00,-1.703857653881959699e-01,-8.128235903365649273e-01,8.280588148933092363e-01,1.071080500402805002e+00,-2.074486351016311403e+00,-2.203486400427044981e-02,1.121861504794252173e+00,-1.866789623134449683e-01
7.290636450023644244e-01,3.511654676270840603e-01,3.416602319526263476e-01,-2.713149780682974632e-01,-1.216580804135709570e+00,-1.121530147425027435e+00,7.093525144553172179e-01,1.945825551888311772e-02,-1.385122446072247493e-01,-4.238900423223525560e-01
-3.051888454807517581e-01,1.046911794488139424e+00,-3.352440818680267332e-01,-1.341064713301568734e+00,7.436517755401732543e-01,-2.048766638647172289e-01,3.139586553277644992e-02,1.607578306399510604e+00,-2.056055735050718591e-02,2.891836731187253373e-01
-1.178923491298325299e+00,-2.196694523509601371e-01,6.095260452086012082e-01,-1.555373733841242334e+00,2.008450931157095831e-01,1.007910726448063010e-01,4.128745558743938254e-02,1.037158898658243178e+00,3.344385148485214954e-01,1.478071898356444036e+00
-9.935895155940361878e-01,1.359245672183479747e-01,8.446678638994739585e-02,-1.069254493755079638e+00,9.562950020913461024e-01,2.324673305852817951e+00,-1.700607448383098866e-02,5.050210882737667939e-01,8.451847581532723197e-02,-7.135846699071756172e-01
-1.820760277802016214e+00,-7.057734830953651395e-01,-1.391958380951731300e+00,1.704102078059117842e+00,-1.151096939232391508e-01,-3.459193290471707094e-01,8.891538247878058021e-01,-1.121751102855887749e+00,-7.668640380045523841e-01,6.807226924862103123e-02
1.028768991423480328e+00,5.016850451687882018e-01,2.483251425158821968e-01,7.811773523601635294e-02,4.002358555267751528e-01,2.016529051292546282e-01,-1.029972274776935759e+00,4.607922163315134045e-02,-1.073688658917752559e+00,8.108254290082371474e-02
-4.806479414882414147e-01,2.539381622782861392e+00,-3.989438375171192042e-02,-1.404239566261588745e+00,-1.341802106769245662e-01,5.193587456378880862e-01,1.673363946152523596e+00,-5.894523999387184521e-01,-1.582427974023639994e+00,8.168370114309811969e-01
-1.380598705899651168e+00,-4.361554415074850310e-01,-2.576204855109940350e-01,-6.963345330010817236e-02,6.891644570743356013e-01,-6.836342822863876734e-01,-2.737292521667606948e-01,-1.427035294938850535e-02,1.495979575187880439e-01,9.782717470792266778e-02
4.360057752225797723e-01,8.438395096417372621e-01,3.926341156509678409e-01,4.535855235092182136e-01,-1.582223166746477672e+00,5.022769916568044224e-02,4.795075480016086078e-01,7.289411945704502571e-01,-6.923507742337942084e-01,-6.590392748886449992e-01
-5.741006752835983162e-01,5.364138998913433598e-01,1.033881054924208565e+00,-4.074601072916015920e-01,9.079623136270489336e-01,1.234798091645942092e-01,-1.242857771624362867e-01,-2.113842298179689771e-01,7.466113646021571570e-01,3.255778167870700956e-01
2.275825427647637511e+00,-8.522246429973241444e-01,5.181017020299757414e-01,-5.292010098115128569e-01,-8.692869869886438172e-01,-1.086713703497214391e-02,1.373524794070360155e-01,2.918173555060092461e+00,-1.841458156832020132e-01,-1.130178729484683231e+00
2.730107174943857129e-01,-2.074640037546368276e+00,-9.195678260426586037e-02,1.602528229516042568e-02,7.946003829452114031e-01,9.736222494278469197e-01,-5.035696189077176754e-01,-1.506140146299330962e-01,-7.661208306106709331e-01,-1.128062554807693907e+00
3.098947793806345330e-01,-1.273585548596599226e+00,-4.146269005718632439e-01,-9.951739598992377367e-01,5.496831862902596955e-01,1.801430099266488005e+00,-1.301587982803330990e+00,-1.853018482897568653e+00,-1.248868853500673948e-01,1.569779595775838005e-02
2.186593067572975835e-01,-4.463205152343446280e-01,-2.006392988254319942e-01,3.675104105406024613e-01,1.040430892644838901e+00,-1.955048770318282836e+00,-3.689394390314622019e-01,2.138087939410633909e-01,-9.179761046107359768e-01,1.731169631767299544e+00
-6.354098802287370118e-01,-4.129268700728283559e-02,5.560220968422907584e-01,-5.912847888018945008e-01,-1.846573047804417111e+00,-4.286545269165332739e-01,1.029440555927040535e+00,-3.368951267851385545e-01,-8.464343014589785774e-01,9.256722095027216657e-01
-3.307748960230527113e-01,-5.101608136502172597e-01,1.494560896633095326e-01,7.707502096187873741e-01,2.381713531732545963e+00,8.272361076574230587e-01,1.159839966388344301e+00,-5.059661989878553312e-01,-1.025868105969476307e+00,6.233134961912296240e-02
1.071699152595962101e-01,-1.078512741364597183e+00,-1.752945299040128413e-01,3.993176017191308880e-01,3.603933950180802648e-01,5.042878533842725108e-01,2.909647301374429507e-01,-5.070086592700557837e-01,-5.139006266488431729e-01,-1.198951397993875956e+00
1.784775039185094947e+00,1.345036461929300688e-02,-2.248530557948519304e-01,-9.287920814524587287e-01,2.935657902327778235e+00,-1.073328032222895523e+00,-4.288479256060733769e-01,4.158368362860604961e-01,6.002129657442777377e-01,9.579320552156840307e-01
1.807608507769263184e+00,5.061576554607123413e-01,-1.056030799966667599e+00,-2.569451251217815257e-01,3.078323725138849554e-01,2.068226041505823787e+00,-1.397805478424297032e+00,1.202576505225227521e+00,1.799143695464167914e-01,8.378305352294806996e-01
-1.019947166359319590e-01,-8.424326301263261874e-01,7.508727794013320134e-01,6.544310271056211770e-01,9.720569657397218899e-01,-1.330463537863530929e-02,-5.998220233198493512e-01,-1.558786995023841548e+00,8.193732681394063633e-01,4.238894824439860542e-01
-9.657826328639592672e-01,-5.385736732966242002e-01,-4.667588119514404776e-01,-1.482984431982417917e+00,-8.176823966051337544e-01,-1.133830356806354134e+00,-4.124790118879366752e-01,-7.386974983295627739e-01,-1.627004920866748749e+00,2.022590230569481395e+00
1.252540731029230692e+00,-7.790194215199855998e-01,2.724213966536100373e-01,4.174650898212952654e-01,1.191085854773476838e+00,-8.186050266600786163e-01,1.092106783982426110e+00,-5.479053042069350621e-01,-1.335862404168613349e+00,7.241365593144972745e-01
1.290758424122428139e+00,2.587908973530684609e+00,-1.199725265090213489e+00,6.989196850807888328e-01,-4.098012437935330543e-01,7.833587105240312765e-01,-1.470489551231250580e+00,-1.262769775698564079e+00,-7.758748231664838180e-01,7.896404566808451486e-02
-6.410812665383553988e-01,6.590543439134196602e-01,1.026894618257914393e+00,5.995775412453557829e-01,1.618787639660868027e+00,4.158266294553429887e-01,-1.216896710340167109e+00,1.363376513538339774e+00,-6.051562356059974057e-01,9.104184996855699818e-01
1.573734216555106258e+00,4.566880107303991632e-01,-1.496158813164649715e+00,-9.182121665097915386e-01,1.322744466885135584e+00,-1.691226856428163783e-01,7.957353494216583278e-02,7.588244161636092944e-01,6.963228620803234570e-01,2.787998123854606991e-01
-2.086683712204658314e-01,-3.126684457323573030e-01,8.578988252913429813e-01,5.535695310677932746e-01,-2.573000006177895149e-01,1.082112312993140479e+00,-1.290341151297837718e-01,-8.516621743343932849e-01,-7.589706989033445650e-01,-9.787408363097657160e-01
-2.724100166036871884e-01,1.233724278336193025e+00,-8.050951810305088108e-01,1.884757610181028997e-01,-6.566893456274132124e-01,-2.603090412714375579e-01,-1.510041211985252207e+00,-2.205382291565373964e-01,-1.937053798049620523e-01,5.402879440356953555e-01
2.232809132553705278e-01,-1.198392124952045057e+00,1.084198244043542703e+00,2.103030402219953632e-01,1.983935171774866835e-01,-9.182353385138937105e-03,-5.177574472222197244e-01,2.178023397487260926e-01,4.755884359285824092e-01,-1.746895691345554891e+00
-5.387608373460957001e-01,-2.549469704035893236e-01,2.561706056942780751e-01,1.193311005927125690e+00,-7.717408145967823430e-01,-4.979618468178420021e-01,-5.125341106465500784e-01,-8.015275901045415541e-01,-3.471864951122624610e-01,7.708022199879711600e-01
-1.053835495364345620e+00,4.278143951529032041e-01,-1.701902230018335516e+00,-5.613379964422059443e-01,-3.294893002179860586e-01,1.674859672914064790e+00,-2.748023047526880203e-01,-2.201243473450918309e+00,-1.998888906861249870e+00,3.402958634668099003e-02
6.137708557899086426e-01,3.754558576272528092e-01,1.675701058009903543e-01,1.162259597505667097e+00,-5.395912207371316160e-01,8.949105560268252324e-01,-1.632014885026417339e+00,-9.049478329380662434e-01,-1.807041394931816258e+00,-2.748453006697922363e-01
-4.626121726634253861e-02,1.141014922265199127e-01,6.188335288713520815e-02,-9.275533308117279718e-01,-1.902408444132156762e-01,-1.497446668605748599e+00,1.363228975132250387e+00,-3.036260728980009760e-01,-4.888861190436912252e-01,1.588940328444082839e+00
-1.242246533549229426e+00,-1.125587114031969094e+00,-1.096220324868565132e+00,-6.787138169948189748e-02,4.316316296375973249e-01,7.396754681178336899e-01,2.571995317494968791e+00,-2.249432454200763765e+00,6.087355891244169426e-01,-5.571305725722311974e-01
-5.864151488887734409e-01,-6.197721282538776189e-01,-9.087696708079733288e-01,1.684524834603451815e+00,8.422973270139026969e-01,2.319597855737482242e-02,1.351015752487000343e+00,-1.512528965298875594e+00,-1.330705131330926161e+00,-2.177967732194687756e+00
-6.994145401232875203e-01,1.616985267047529040e-01,1.028585779323340776e-01,1.493419110598804556e-01,-1.411056831066081818e+00,8.031547426140219770e-01,2.396275182389979441e-01,7.330542814659984918e-01,-1.892762177590051831e+00,3.114908587977898713e-01
-1.187765239917526916e+00,-3.973232525513618607e-01,5.343648986363833675e-01,9.109360625591317318e-02,-8.515399797793188341e-01,6.273156184418284681e-03,-1.531535315243643058e+00,1.150267395898296074e+00,-2.052840194962513021e-01,1.118549944255326167e+00
-5.265316870960430329e-01,-5.235759884065829262e-01,-7.641867866378464491e-01,8.761739316930753363e-01,-7.094311573284760586e-01,6.445954324151768056e-01,-3.824523976692902338e-01,-1.975963299891619673e+00,-5.703140677864662056e-01,-1.179108214362848406e+00
3.390272368233750860e-02,-1.190407735674490208e+00,9.259751007146167501e-01,-9.107586035302722705e-02,-1.775959947587389676e-01,6.558921377875825964e-01,9.639069340758624760e-01,-2.009875176965164600e-02,-7.712002995492905910e-01,-1.773969616112129444e+00
-6.860497570351800078e-01,-6.172122466479615932e-01,1.070574529922967560e-01,-3.451468811380271617e-01,6.879329720514281155e-01,-6.129832712706895226e-01,-5.704116685294176314e-02,1.183987443196889311e+00,3.418252139549665114e-01,-6.003754168856451079e-02
-6.019444419351770437e-01,-6.332313967149770795e-01,-8.506132529519477847e-01,-5.410068657828993599e-01,7.556658387443145886e-01,-2.218882712922687073e-01,-1.349773069381231094e+00,1.768169293059783431e+00,3.199651911451630304e-01,-1.406943400513169351e+00
-4.418489272408238633e-01,1.108863828284178538e-01,1.704592093297377042e+00,-1.108112458258869282e+00,9.760407193559466066e-01,1.399486426972343045e+00,-6.286543050745702077e-01,-2.775136188602334575e-01,-1.036309247373770281e+00,-2.034611410803048859e-01
-3.658997434293116691e-02,6.596499980823704590e-01,1.090183471020446770e+00,-7.480960646216471277e-01,-1.967325064225994513e+00,-2.124477927624212822e-02,2.935375299686405204e-01,2.494176876850416613e-01,-3.266732475090439736e-01,1.247520996639344959e-01
1.515444808352247597e+00,3.817341689625092793e-01,-3.733684250030842589e-01,-5.001978170959955339e-01,-1.698523576777306865e-01,1.636739961830640189e+00,-1.833007095261972863e-01,-1.979434452070797171e-02,-4.823135709363029489e-01,1.098983357441964737e+00
1.959837254744674961e+00,4.506130494313883017e-01,8.277290378542574711e-02,3.678283317423478027e-02,-2.384306788785745645e+00,7.451508642848173603e-01,1.341664159958435854e-01,4.283420506607251710e-01,-7.114621940837048131e-01,-3.844568789770916317e-01
-4.110249365031730107e-01,1.021622984073038864e+00,-3.787598366030933139e-01,2.082660322109797679e+00,4.308624190150374123e-01,-1.275682659995731605e+00,-1.285462932519568502e-01,-6.516751221564156538e-01,-2.194382469820024273e+00,1.599470940113789430e+00
7.031425422200039410e-01,5.332073178993125273e-01,1.654036602997042416e-01,-1.382017568692437637e+00,-4.836171395554367258e-01,8.417807747840126975e-01,-1.051220029782502507e+00,-2.531769316250813251e+00,-2.271060077809263777e-01,-1.417575540275388402e-01
1.355634164147091481e-01,7.285186435145362127e-01,6.376058122312086018e-01,2.587698052439216245e-01,1.195531388086709335e+00,-1.518969780813314685e+00,5.045818144773902558e-01,6.265383633369424610e-01,-1.239562286080239328e+00,-1.502870608682389086e+00
-7.459421264756015413e-01,-6.615414425152921218e-01,7.534194635024309417e-01,-6.145387836910951584e-01,-8.563485182812039520e-01,-6.116337366945591159e-01,1.118632334154211705e+00,1.304337437695213264e-02,-1.792510253569122580e-01,-1.100054987010517515e-01
1.292060334326522675e+00,-7.491717266032418276e-01,1.315508290940103908e+00,2.104962989215036218e-01,-1.604193819753477190e-01,2.500900497934281486e+00,-1.055639489798596342e+00,-3.536857595670060417e-01,-1.232431239164000214e+00,9.524619705361694333e-01
1.689188933651678548e+00,1.669922781404638679e+00,1.223948753146004709e+00,-1.976204677959656208e-01,-3.652409774898465189e-01,-1.671169772494065064e+00,2.035873535181792704e+00,4.689780781484677030e-01,-4.919569048694830693e-01,1.328056888986967499e+00
-9.727645167600008635e-01,4.066220342226740669e-01,-1.726291342908346793e-01,6.386771398803009481e-01,-6.357353918612146382e-02,-1.450927891111224444e+00,7.557637267003780579e-02,1.048864141875361700e+00,-2.921640585398524448e-02,7.751151215890860202e-01
-1.045529485674053127e+00,-2.626079326985213819e-02,-6.245104550885773875e-01,7.469808401047097757e-01,3.149156226199577302e-02,6.900736763366125404e-01,1.087710426157866062e+00,6.916185751213883570e-01,2.731184342936441856e-01,-9.982122585114052704e-01
-2.786110666901236554e-03,-5.330904020158329093e-01,-3.440639567042265701e-01,-3.745341507502508716e-01,-9.799255747822445128e-01,-1.957338589133989837e+00,-6.681430483277668309e-01,1.933794519241590626e-01,-1.348177045427490173e+00,1.568223647162434245e-02
1.900268424310964654e+00,1.023056555252239264e+00,1.643541509120529209e+00,3.911278769327262150e-01,1.167509822986446011e+00,-7.239647304677874207e-01,-6.443402670219842143e-01,-2.739140206137472777e+00,1.186145474042298975e+00,1.540323979819886002e+00
-5.531772453472696416e-01,-2.539517063972349664e-01,-7.538621136909614551e-01,3.826535514774915825e-01,1.124932545303240827e+00,-1.742771973881040992e+00,4.094385306422522741e-01,-2.766717717191454207e-01,1.133943919666893507e-01,4.589940016742909412e-01
-1.882024387728211401e-01,-1.035868534057806101e-01,-2.138751675546388953e-01,9.703162017882813739e-01,4.187599601274965555e-01,2.205835377373607797e-01,-1.270951721092282716e+00,-3.785797432131541851e-01,8.986691603391742111e-01,3.769657312392290377e-02
6.595314695891383305e-01,1.766511800327633663e+00,1.038606069208816596e+00,9.315833769974234124e-02,-5.109891701957270937e-01,-2.553549596055898263e+00,-1.683849224728525273e-01,-3.260124958168491571e-01,3.903661943953756763e-01,-1.539052269746875867e-01
-3.203850594367943505e-01,-1.779398930507220644e+00,-9.399678291500664917e-01,4.766510408005574795e-01,1.715907631132694400e+00,-9.752538374562343126e-02,3.278110735741233128e-01,9.524781569528053549e-01,-8.108939362002495210e-01,3.668140432854421484e-01
-7.404901063321587262e-01,8.648244384910116489e-01,1.514030479517326222e-01,2.984518139814397730e-01,-7.825985974185890592e-01,7.070323596107849218e-01,2.084712921231016036e+00,-1.007911695428206134e+00,-3.397590076475238141e-01,2.316074741680918259e-01
7.864062119958165065e-01,-5.595462852894689254e-01,-2.833030290142739993e+00,1.359189494164025014e+00,7.605061195841427146e-01,-1.742947530486665286e+00,-6.075687917795559168e-01,1.568182429527326116e+00,1.447796418457865997e+00,9.386400226789446410e-01
-1.761124339598626465e-01,8.298741881250996932e-02,-1.309258051261264766e-01,1.128239783268837115e+00,-8.758424064951101373e-01,-8.057996548842046858e-01,1.010274586836015676e+00,-4.436145551156163436e-02,1.378467355453808052e+00,-6.715122069805457006e-01
-5.477836033882509809e-02,-9.224129848439532875e-01,7.362681423567134752e-03,-1.478546936998798911e+00,-4.876334209549628151e-01,-1.436253864928117796e+00,6.939232331912583707e-01,7.165893397596518888e-01,-1.730262730484344980e+00,1.333885745500572817e+00
2.497415126419853859e+00,4.600638673634094983e-02,-6.411142602246447941e-01,2.824330591003046287e+00,-1.318968498302510728e+00,2.010646686909838693e-02,1.796222726319234297e-01,1.345147620452414650e+00,3.597389751267884295e-01,-4.986338957884514089e-01
-9.511843703879561129e-01,-3.418218202461355548e-01,-1.006927360945144123e+00,4.782531978468294170e-02,-5.641961798604865352e-01,-1.494037793289750615e+00,1.255145788374903759e+00,-4.976725234290393929e-01,-1.268136804975312559e+00,-1.682591344875415396e-01
6.837156596765875394e-02,-1.746466725579033596e+00,3.316476671257627684e-01,-1.047157568690264551e+00,1.711028809190787703e+00,5.239605120767347746e-01,-3.998999901093163722e-01,-7.451677703173501532e-01,-1.049677075636239465e-01,6.127907415832897220e-01
-2.549412858519966088e-02,-2.171588071368566186e-01,5.837029081789564533e-02,-6.038589312369546658e-01,-3.432059268430376897e-01,-2.085792438905003987e+00,9.737262308523677579e-01,2.987977803217619077e-01,-7.734558440334301510e-01,1.898734981355238771e+00
8.701648039238656096e-02,-1.036143571975197020e+00,8.567374214704583935e-01,3.980482165092624758e-01,3.945799854842193533e-01,-4.257556046515905135e-01,4.504957237780347068e-01,-2.617582902210945361e-01,5.559414516458421884e-01,-1.904944454010638832e+00
-4.338734629791891062e-01,1.722155097808194757e+00,-7.670674554003001910e-01,-6.038382974931864045e-01,-4.479613384499750994e-01,-1.214806135888643279e+00,-2.208280776228252140e+00,-2.305863985236128455e-01,1.358594240816568821e-01,-5.250506853865217344e-02
-1.448785619478868414e-01,4.304087085038764415e-02,1.022841471550764103e+00,-1.904461859292167769e-01,-5.740825770872696188e-01,-2.811254848880863078e-01,5.793467597567757421e-01,1.412026878543249486e+00,-6.281437391691783168e-01,9.893378702888371012e-02
3.383574419359596241e-01,-9.925780067288229036e-01,2.041716721291813100e-02,-1.465673857342095099e+00,-1.769050303739398755e+00,3.667464078922569870e-01,-3.838747413307828094e-01,2.022804076212191271e-01,-1.789497700835005270e-02,-9.764000486637973708e-01
-4.525430196433647551e-02,-1.233101305014855154e+00,1.390972358001400622e+00,-1.355970344859963816e+00,-1.957852709685812542e-01,-1.042271588047248176e+00,5.704211733607955637e-01,-3.314313712815028512e-01,-5.186667196212101372e-01,8.532015450515544330e-01
2.943059167755218350e-02,5.166444459359672559e-01,-9.813259365174648030e-01,-1.404816943927506889e+00,1.072079620401336503e-01,-3.188463554947312262e-01,6.264346724539442413e-01,-7.990845266254970047e-02,2.050753392346299497e-01,-1.623382529941243879e+00
1.888436939614256627e+00,-1.642419850320318842e-01,6.975869703391990306e-01,-8.360916702196264927e-01,3.080099022173409251e-01,-1.302844763524745320e+00,4.520678382596710065e-01,-3.559740843858327786e-01,2.919050393556744602e-02,6.979740301300975114e-01
-1.232540311220280183e+00,-6.844917306127970003e-01,4.573242810867654828e-01,2.098221474546746901e+00,-1.380823346614817593e-01,5.911361179239325025e-01,-1.069714698584800644e-01,1.942245594756299543e+00,-1.747221666965255604e+00,9.462104466935800096e-02
-1.625544033562061008e+00,-2.506571570536716642e+00,2.974620531178168714e-01,1.394977961474590245e-01,-2.848369377422013682e-01,-1.061940900397531501e-01,3.098299434071257519e+00,-2.581751380314343813e-01,5.101243612500748759e-01,-6.493648196138809281e-01
2.952325750406031291e-01,-2.382336750556175164e-01,-4.105184827297300165e-01,1.818898532200324825e+00,1.177184963184338962e+00,1.367466473992306752e-01,-2.304211935943966783e+00,-3.610092232525696776e-01,2.703027564405083627e+00,-2.306616666397081350e-01
1.103217572053658113e+00,1.441942401952600816e+00,2.189639158559750776e-01,-8.418216318681522869e-01,-2.435312331782888418e+00,6.841632086089545206e-01,-8.147560028235480978e-01,1.761504518876921277e-01,-1.249820339589364115e+00,-2.652375404702022044e-01
3.371905490105324421e-02,2.685935810442978688e-01,-1.114822187352414229e+00,1.196910948761352289e+00,-5.968947847319712174e-01,-1.674469460453245073e+00,-1.090234199634638051e-01,3.437530902646009079e-02,1.605894331717597490e-01,1.362132403685079041e+00
-2.364488367358593690e-01,-1.196196243687713406e-01,-1.103184381233093481e+00,8.205535028878969683e-01,1.843090640781035738e-01,-4.200277272941628226e-01,-1.904674693465463697e+00,1.444412195055087444e+00,-1.227679964456057204e+00,-5.912780093697056483e-01
3.583445110760032359e-01,-1.196557928616686528e+00,-1.493509778253143461e+00,-2.123947582700664860e+00,7.209969529056354798e-01,-5.451862447263217115e-01,2.927270092473329921e+00,-9.943550656308733915e-01,-9.214510234289212676e-01,-5.653929702854014749e-01
2.431346551384890864e-01,-4.702033387853113422e-01,6.123322140025120319e-01,-9.785883899886543835e-01,-1.381591718463581087e+00,-1.798214739409107477e+00,-2.223574167937196755e+00,-5.180690194750567912e-01,-3.009803123932219271e-01,-6.314370274831833107e-01
1.243405797187161932e+00,1.228030209608135026e+00,-3.348029874445018761e-01,-1.793921113191963013e+00,-5.667051080550529196e-01,-5.998213939170615738e-01,-6.571349622780580102e-01,-6.977189038982448688e-01,-6.534628957248072023e-01,-3.865416158977597605e-01
-6.355410988155566487e-01,2.083225086255921510e-01,3.603687159048610811e-01,-9.106450871824898208e-01,1.271065326007033258e+00,-9.800623018406138254e-01,-1.617800613815337130e+00,3.807780713650517068e-01,-8.174081344143397931e-01,3.212914707573880091e-01
-2.403668601100530378e+00,1.392455941483067505e+00,6.722934080404021628e-01,-1.500476549163001661e+00,-1.478777123846285679e+00,1.672265904097527622e+00,-7.373799034979587885e-01,-8.341848487326239958e-01,-2.266052094149282770e+00,-3.507782056015541494e-01
-2.277196148357528427e-01,7.154930967694852484e-01,-1.399078428184475476e+00,-1.520286792240609586e+00,4.509626347764768561e-01,1.006730071227064816e+00,-1.571152351117883095e+00,1.081514086299741217e+00,3.754184148682145755e-02,1.091805339074645831e+00
-7.022036151761656964e-02,-2.522277917487950383e+00,-1.519673823160388737e-01,1.060143818671269944e+00,-8.937460190837143159e-01,-3.879649689074521901e-01,-1.761335035509782876e-01,-2.899513879868481858e+00,1.671347575437476252e+00,-9.013756798971744866e-01
5.057354324727989514e-01,-8.670113614820872117e-02,1.257619056359360110e+00,4.060561224280809234e-01,-2.349242715209746146e-01,-8.935150925192801852e-01,7.978507013821388716e-01,-1.873441303954616721e+00,6.458904202758924962e-01,-1.099044751554872690e+00
1.252283661956639982e+00,1.612995426626951112e-01,6.441237678501087194e-01,8.198881382471936985e-02,-1.752377095140996710e+00,-8.607291633953384480e-01,6.723893376113824205e-01,1.666558173598439996e-01,1.180989905305672050e+00,4.032745630371717405e-01
-9.667018907026597718e-01,-7.960641377206340019e-01,1.029173905232372149e-01,-2.314044066000105371e+00,1.673441885622985126e+00,4.417467363775572364e-01,1.227034597048872300e+00,-1.580603940809168995e+00,1.244565160355255662e+00,2.231498911027748555e+00
-1.320878355377317570e+00,7.714017949037665911e-01,1.109944687293146518e-03,-1.544433848248244034e+00,4.928839718518697732e-01,8.336032048373483994e-01,-6.011265526688468475e-01,1.165916520255222855e+00,-1.666763406789197655e+00,-1.494756146449644163e+00
1.365973955887523628e-01,2.538527797227171576e-02,-7.165734884241051761e-01,8.095944359718858507e-01,5.308943142159493478e-01,8.581390709340159795e-01,-1.231364353522676064e-01,6.025802679783408555e-01,-4.456503030299946433e-01,2.053818690086596455e+00
-8.125457701219855888e-01,2.105297429458311775e+00,3.488794708940856637e-02,-1.375510889568742678e+00,1.368079350488601076e+00,1.259013883949590129e-01,8.511240983802379478e-01,1.223855918542593235e+00,3.379555541450252609e-01,-5.922408448128145819e-01
9.757133776692501481e-01,7.555074545955480425e-04,6.858578186084189898e-01,-2.153730573791461378e+00,4.469817170098518977e-01,-6.385858251450301504e-01,1.653309637178530522e+00,6.230873478890951445e-01,2.398577458492966163e-01,4.863099933502215699e-01
-9.984408528767182434e-01,1.623256690528053880e+00,1.991370418416904542e+00,3.929135105482163270e-01,1.590403568573638626e+00,-5.691481986725338560e-01,-7.971135662249807519e-01,4.092474872892284954e-02,4.349410383678986580e-01,-3.939866812431204179e-01
5.377681903684837783e-01,3.063894820734140434e-01,-9.983067752910549375e-01,5.187930174517212389e-01,8.635282425215211610e-01,1.714693175903909406e-01,1.152648103261692425e+00,-1.217403793496951936e+00,4.679504221318517287e-01,-1.170280706396774839e+00
-1.114081358233087515e+00,-6.309308337377900200e-01,-9.420601835742449248e-01,-5.479958187411377857e-01,-2.141503107111887572e-01,8.371544863313844509e-01,-3.211590387057024487e-01,-1.585625706769592691e+00,1.140067846495160353e+00,-8.370901336150395888e-01
-5.872042710462872100e-02,4.465365069407115084e-01,1.996104184027827910e-01,1.094179547521475504e+00,4.790031433927589011e-01,-8.613095796971079743e-01,2.178562173991661854e+00,1.943334633382332310e-01,-1.473402266215062262e-01,9.639254230555709402e-01
2.494509459300722209e-01,3.992281929393270978e-01,2.492183998600686845e+00,-2.751214282550466517e-01,-3.177608940173958230e-01,1.165785120124638030e-01,1.071515935581038637e+00,-1.506534030190399109e+00,-1.965555891476505224e+00,-5.871152706201475668e-01
-1.633922959059287194e+00,-4.248313475256384475e-01,5.024996961292901299e-01,-8.907488635522633480e-01,-1.426826576781342393e+00,6.933716171534796968e-02,8.625434846151702750e-01,-1.694973438516612640e+00,8.202323983059841561e-01,8.173062037383261869e-01
9.540851021566280066e-01,1.218480214871686451e+00,2.202013924659615984e+00,-3.560920486190551904e-01,1.095715800778581106e-01,-4.164384332480255413e-01,1.976844755810775681e-03,1.532873355636311885e+00,-1.345014483930668803e+00,-8.610496721655754859e-01
1.377180936504561304e+00,1.020036506902089801e+00,-3.631316468170779910e-01,8.544020011207198451e-01,3.412158424920332389e-01,1.500274609000987969e+00,7.450959382677262155e-02,1.025632113872582352e+00,2.642011910492620075e+00,5.980991550474662466e-01
4.932816579484364250e-02,7.224469852209796095e-01,-3.652808582038848950e-01,2.387967705524732143e+00,1.800710376959814840e-01,-2.729333202255128654e-01,-8.356890050200364017e-01,1.097220191606438577e+00,8.671874128277388127e-01,-4.973543714140932215e-01
5.764513451224226870e-01,-1.508555968212856424e+00,1.849705750731562570e-01,4.527563520766945127e-01,1.707329809559222866e+00,-7.708188027286894117e-01,-1.278352628802324364e+00,-8.954279609250417327e-01,-1.336568500314919916e+00,1.336657357758983089e+00
1.548639295024036633e+00,3.202165779488289066e-01,1.221294945685148070e+00,1.339583805802353200e-01,-9.511164770076600827e-02,-3.330376190537616687e-01,-3.103909913775654839e-01,-1.547801556309031268e+00,2.642547636073386830e-01,-4.033391021404369309e-02
7.453607240778757914e-01,9.352349643860970174e-02,-1.627037015690917243e-01,-8.711930300076303757e-01,7.215323682176132125e-02,7.382372308161619934e-01,-1.143338991083860723e+00,8.747375368073924407e-02,2.330429515294839271e-01,-7.180647836182643129e-01
-5.878563049080002267e-01,2.306108487662144324e-01,-1.133421018292622984e+00,3.499237152493925307e-01,-8.953543736592000091e-01,1.062853693033216418e+00,2.337827745388299849e+00,-8.607568017018196738e-01,5.342078623746746580e-01,-7.267419048820192851e-01
1.040954173797789650e+00,-1.265258409085215252e+00,4.805867584277126459e-01,-8.729889668893526800e-01,-2.069845890983687542e-01,-1.031025275147307019e+00,8.223504708957536380e-01,-8.369803544395869599e-01,5.519642593318275781e-01,-3.440980282623329334e-01
-1.144723717988629375e-01,1.477559074001285333e-01,-7.618246716588487066e-01,2.103671135408869131e-01,1.530334564354411064e+00,-7.780947858327142974e-01,1.171810143273844806e+00,1.498097633487784242e+00,-8.161549890280438424e-01,-1.455054605090551734e+00
3.019609001717646901e-01,-5.474075227668729893e-01,1.868603219163002427e+00,3.480754049983220133e-02,-8.021994080351791956e-01,-1.147159511011711430e+00,1.089904959090830072e+00,-5.711839740841864188e-01,4.382879946042825964e-02,9.558027451124808671e-01
-4.842583519308302220e-01,-4.592882874016063904e-02,-1.656840982252007557e-02,6.833245115160918592e-01,5.907443355103257909e-01,-2.201137312548285263e-01,6.364906149651776424e-02,-3.717790115234887449e-01,-1.477612406919444732e+00,2.576008573981293792e-01
1.892191760833067837e+00,-8.837191406910628322e-01,-7.730297096027030079e-01,-8.707277716437413773e-01,7.245917787231225260e-01,4.484854541964400920e-01,-1.585376924164567658e-01,-9.180190616389652947e-01,9.237679163992429388e-02,-1.564622127335804302e+00
1.434265668574932207e-01,8.715243860879341442e-01,-1.251199136633677877e+00,-1.532518276829663684e+00,1.579437891694859486e+00,-6.117596395045848956e-01,1.135947845943821921e+00,-1.539976651978317013e-01,-1.619548169413273786e-01,4.384126994966449642e-01
-8.839988567464406310e-01,1.324971434956455363e-01,-3.814894148240926541e-01,-1.320493443405031275e+00,3.374820747263990728e-01,-2.633078068779161618e-01,-1.570248284447078035e-01,-1.210160943414157808e+00,1.591400367762804136e+00,8.767141863861160900e-01
9.641558841719786166e-01,-3.054447024416819811e-01,-1.729182889503420251e+00,1.952917382489510745e+00,-6.109750800586813413e-02,-7.487997960200537539e-01,4.168015744831138902e-01,1.167120788003297438e+00,-2.305055608546619644e-02,1.278575167939374646e+00
1.082999938516868710e+00,-1.076381187402058570e+00,-6.737901056594763904e-01,9.575371632797674559e-01,-2.712612563810437916e+00,-1.494556931649887732e-01,-1.430831201624671811e+00,-4.765538014335246597e-01,-2.988200890292041501e-01,-3.582443779075079604e-01
-5.522612521126085694e-01,-1.097143649628814055e+00,2.291911266818686066e+00,1.867462004161350775e+00,-1.162065820256283466e+00,1.582116751303567659e+00,-3.994654904728529021e-01,1.291874733317104618e-01,-6.327395989691586564e-02,-6.597486412539658174e-01
9.838523436061467065e-01,1.258865305766578013e-01,-4.765514232192413768e-01,-1.304589443800472592e+00,-8.935950137191204234e-01,-1.641380115602096845e+00,1.222354841516946553e-02,-1.196665592284395840e+00,-2.655605125185412363e-01,1.370101853610370846e+00
1.199299572921585622e+00,-3.227689410261781050e-02,-8.708472614314992366e-02,1.879874549421008068e+00,5.207561203587112164e-01,-3.278064598765229043e-01,-1.426018117120452011e+00,3.938732181647432440e-01,8.293237725828623841e-01,-6.316515245136439249e-01
2.912027551380326762e-01,-3.635732949150293214e-01,-1.840323991990027164e-01,-2.487822057562331324e+00,-2.217814037161355001e-01,9.693693024080543008e-01,-6.314025555665582212e-01,5.252636821531626171e-02,-7.559507066919204377e-01,3.604416762927729057e-01
-2.165231975361736061e-01,-9.392415406820068258e-01,1.332551467665127776e+00,9.289320135322151062e-01,-6.049067639281747732e-01,4.977883094177774082e-01,5.374120028203807076e-01,6.423012350111759750e-01,-1.694255895995077754e+00,1.006606541032627922e+00
-5.696989629257314114e-01,-3.578279334412668988e-01,2.637881752260200052e+00,3.018733807210117748e-01,-3.863224754471755173e-01,-2.205294372755906007e+00,1.389764133946355562e+00,-1.345209670808602542e+00,-1.003438903499503487e+00,-3.313522990878491892e-01
1.416411791700292522e+00,7.732399866657592158e-01,-1.578375098402599597e-01,3.082920636388210012e-01,-6.003856928711057694e-01,1.396536895653508192e-01,7.333674477813664772e-02,9.687698956813529660e-01,9.671781224389495168e-01,4.939773822056447994e-01
-3.623475575461022613e-01,7.418222943901265909e-01,-9.196846620304660602e-02,-1.081914368713132957e+00,-4.032877919109386644e-01,8.452698378432453585e-02,9.102157836647453149e-01,-1.835281721571530578e-01,-1.209198711239606094e+00,5.674168329681941042e-02
1.134560400565523819e-01,1.858376289027530437e-01,9.198715159544301745e-01,1.018923240089898430e+00,-5.942108723816665883e-01,-6.161434580489434376e-01,-1.040198710955473116e+00,6.988156702804763087e-01,1.448820108337715462e+00,-3.150819279089234204e-01
-2.414305647249931630e-01,1.466782556898976297e+00,5.055578532150076798e-01,4.362357048010550575e-01,-1.190916505973726780e+00,6.787280692794189774e-01,-9.291363405097582406e-01,-1.134020185934958125e+00,-3.467715767667121640e-01,-5.857927234486901558e-01
-2.215996943850393752e-01,-1.440981634524919119e+00,9.588163064676724634e-01,1.127686294516428989e+00,-1.947342474140814295e+00,9.784578056665501622e-01,-8.105286298216263230e-01,8.569755369827860569e-01,-6.844649266641564256e-02,2.877556408099858631e-02
-1.850976494212187018e-01,1.212129204233486135e+00,-1.239588012525028260e+00,6.078403387350085341e-01,1.101330164889550378e+00,7.163400805404106508e-01,2.324698914323417576e+00,-5.289467627246988712e-01,9.573048225935312239e-01,-1.060906353414203251e-01
1.233406076352669523e+00,-7.688995721369474255e-03,-3.878757818624695708e-01,1.306072203871629034e+00,-4.915619390189299165e-01,-1.412725758900555961e+00,-5.168468831738283198e-01,6.190329465885322513e-01,1.392038751587091339e+00,1.111293752965121090e-01
1.318197067234025077e+00,-1.358174921477593111e+00,-4.432634648179029080e-01,-2.885751171541011684e-01,-1.145594274725202921e-01,8.409438825019698027e-02,6.909109573921927705e-01,-4.448068381704902707e-01,1.390286869531255909e-01,-4.512289032405165240e-02
-9.258899038911498902e-01,-1.136666890814353875e-01,-1.436595298971181378e-01,-1.650805650030461036e-01,3.175945658145074707e-02,7.567354061338613103e-02,-4.322951791073302297e-01,1.272714733971264778e+00,-1.169480629203016653e+00,-7.209701084698962870e-01
2.779963624223555918e+00,-1.037991354989229897e+00,-1.353754674709758632e+00,7.344767450012178456e-01,-2.077119853773873981e+00,-2.352739099724389105e-01,2.145824925076488476e+00,-1.544935922153400476e+00,-1.981964485738713311e+00,-1.499181201957698217e+00
8.983595683469856041e-01,1.124776719985812523e+00,-5.125887969785088982e-01,6.832124040010689736e-01,1.390255327511989547e+00,1.787346414429825447e+00,-2.463352811798481812e-01,-2.301471717669986816e+00,-8.208789224096867398e-01,-4.268041949352576192e-01
-2.589387965783905843e-01,-1.878594010087195065e-01,1.118894597930669255e+00,1.274428426687581384e+00,-1.716736539247833426e-01,1.098484876051818659e+00,3.576613666310893835e-01,6.450597286257171714e-02,9.065441571099638329e-01,7.225204823791581132e-02
2.057811177097762290e+00,-1.438411166794559159e+00,-5.151708990920177422e-01,-1.265188969539502994e-01,4.394526904579905691e-01,1.267960487103088951e+00,-2.439856723615664233e-02,-1.422229649506207005e+00,8.425138964550042964e-01,7.549587661419644435e-01
-1.941858659379406049e+00,-3.804133670799383395e-03,-1.590141830680297907e+00,-6.646510975020625267e-01,-9.028089269627997959e-01,8.092646982419857693e-01,1.168301741721837900e-01,-1.285591000756027613e+00,8.800659629573422960e-01,-1.433805823928414380e+00
3.301137904709438020e-01,-8.140106692915561881e-01,-3.656770825305198924e-01,5.042707480383840091e-01,5.214493990595290285e-01,1.336969073555960286e+00,-8.225369967145326755e-02,3.064508629633410086e-01,-4.377373224043246136e-01,1.819898826227976385e-01
4.394860480085117094e-01,-9.830984745437601480e-02,-1.803750484092496276e+00,3.314708963308953260e-01,3.645614773554570198e-01,-6.801734763479508894e-01,-1.284387036072514032e+00,1.475879150503965009e+00,4.914455108944023043e-01,-2.290810309217098106e-01
-1.137032883147487405e+00,-8.218148284213458998e-01,1.302590396786231564e+00,1.376619408680460899e-01,-5.505870670007063650e-01,5.096892312246559253e-01,-8.143981874463236403e-01,1.500843030280378132e+00,1.352800534896725138e+00,-4.665740712027766079e-01
-6.286702470308602742e-01,-2.618133198692278896e+00,-1.481580771551368025e+00,-1.339469774957756210e+00,1.351903409873860540e-01,-3.262337044413599063e-01,-1.345335487415241449e+00,-2.811640424645572844e-01,5.053371476473484947e-01,5.278393499155871194e-01
-1.899670280858881233e+00,-1.282634804838308218e-01,-1.383340776971610175e+00,9.017286971402737050e-01,7.841464163534985765e-01,-8.980272263244585274e-01,-7.660452024003998606e-01,-4.612670504983072406e-01,-2.252793394731339216e+00,3.359681734405766118e-01
-2.728445463401308335e-01,9.701750825678594481e-01,-1.098409217962552642e+00,-6.191229482499316372e-01,-1.506525258039115300e+00,-1.004290563494253163e+00,-1.181981996068218521e+00,9.959736788464454982e-01,-6.982618487513923000e-01,1.241756847446134487e-01
-3.807634038618044059e-01,-1.269465266012812954e+00,-1.683004231716427046e-01,5.991033318635946570e-01,-1.207759392543352517e+00,8.091127907313788725e-01,-8.497209214776962893e-01,-4.829839260728407413e-01,5.306831230100478303e-01,-6.634361572194880097e-01
3.757485933586560828e-02,-3.146908287880924582e-01,1.293680067038185111e-01,-2.380739105523497212e+00,-1.829681815208082929e+00,6.159670060468381836e-01,1.037181405649050259e+00,-9.104867035315212798e-01,-2.440283521711343606e-01,2.947192529023015539e-01
6.932176016587041634e-01,-2.027677271670848658e+00,-8.860402469783771329e-01,-3.325793798498749565e-01,7.031401972360492580e-01,2.498430483721494788e+00,-2.280057268097178680e-01,-1.406977462103988774e+00,4.022680772012980355e-01,1.320995789540710064e+00
1.080141209795009161e-01,-9.066485451542928287e-01,9.579939414800190400e-01,6.635456184984349637e-01,-1.026080844195624397e+00,3.814256175343419542e-01,9.972655676588726426e-01,1.181890042558893628e+00,-6.644897530945596820e-02,-3.580794461793188610e-01
1.227273822081262900e+00,-1.210160502980885511e+00,4.385792909210053936e-01,-1.370026627364429261e+00,1.065376272259602741e+00,-2.580455156111615134e-01,1.268583235647469332e+00,4.914127563555270028e-01,-1.223220230061929925e+00,1.424627732077243358e+00
1.551245266427729419e+00,8.822864925992156548e-01,-7.615878650362198909e-01,-3.060139543574088572e-01,1.454272174057593958e-01,-7.037103993314333117e-01,1.692346572463204746e+00,1.443264717260368257e-01,-2.703348047107357210e+00,3.393558127562203430e-01
-3.481573968173131695e-01,-7.492655611844788177e-02,-3.686193657856997596e-01,8.070464166066876333e-01,1.119687778553381197e+00,2.830531622586537344e-01,-3.393111871381590539e-01,-4.133720480917025403e-02,1.959961657762829615e-02,-8.024300398648370747e-01
5.789286485712348274e-01,4.600423238604661735e-01,1.540441239776673354e+00,1.255349780288474992e+00,-6.856749175901302173e-01,8.202983745089647005e-01,-9.509533830944716382e-01,6.959321009408496739e-01,-5.166141987601078345e-01,-1.023253223375584442e+00
2.800453426974044424e-01,-2.674567128154140772e+00,-1.750975574405227997e+00,-1.774918837742831823e-01,8.244176663484245604e-02,-3.693187701581888693e-01,-1.579436298717598719e+00,-8.178918421385055204e-01,3.912093272373938779e-01,5.817817706283625601e-01
-1.622311759594123950e-02,1.156833781036988862e+00,3.973970234592342776e-01,-7.474556539582122294e-01,-2.805020534116173803e-01,-1.402866157207854680e+00,-1.081389903914167505e-01,1.112100619221338516e+00,6.852900847109678617e-01,1.402009325919121974e+00
-3.028852437989931201e-01,1.346099794514257653e+00,-1.933042264479698791e-01,1.471585082569893954e+00,-2.185674744212368070e-02,7.072313738042766973e-01,1.475112364309855595e+00,-1.934276285812056018e-01,2.183889875441741846e-01,1.288863425206302260e+00
-1.330031639300635893e-01,-1.320892282506161086e+00,2.143007054584909810e+00,-4.697644643371368112e-01,1.587560509375428308e-01,1.156006669451127067e+00,-6.084939037312018240e-01,-1.007867913222130207e+00,2.537372967748331432e-01,-1.793076397912389597e+00
-2.879060768679202464e-01,2.450386643154059130e-01,-2.699518968251641837e-01,-1.543450943185747271e+00,1.594177956204012148e+00,1.035381539491753849e-01,1.431152117761741005e+00,-2.600362501804447390e-01,-8.800119816907638892e-01,2.691809202551598834e-01
-2.157871263282196139e-01,-1.177761457991358007e+00,1.469784258787495634e+00,-6.222702228939960278e-01,-1.840266384795568033e+00,1.328166053957332560e+00,-5.042980158126232348e-01,-6.078238926156243060e-01,-1.765387587029974004e+00,1.740941486596990773e+00
-1.289480587209687501e+00,5.844948070564989079e-02,9.126203225404404540e-01,4.217169330030969832e-01,-5.965431199219160124e-02,-1.701665858287416233e+00,-8.097248357672839347e-01,1.878003380425220248e-01,-7.871740699869963498e-01,2.033594599987677276e-01
6.817434088151417271e-01,9.625028858001016818e-01,-1.226179357812683390e+00,2.196646054978954155e+00,7.674793445541305825e-01,-1.714153669063957176e-03,1.089536583076640586e+00,2.365407771999973541e+00,-1.438720101056869538e+00,-2.252626424913536096e-01
-2.378431659873328385e+00,1.926515326480246759e-01,3.653942419251407503e-01,-3.916211544275943063e-02,-6.545335709983098882e-01,-2.049514516188325253e+00,3.735336834117686799e-01,1.455434483915325039e+00,-5.910184557334320354e-01,4.400599290231450023e-01
-1.568144313420050562e+00,4.572130636925138547e-01,-3.933822977446570501e-01,-7.624179506029143960e-01,-7.603636412161305369e-01,-3.936115820330099435e-01,3.824333156925354138e-01,-1.312163201195517770e+00,-3.971153315678528362e-01,-4.147177799914766871e-02
-1.099039224531859205e+00,1.796665201675017087e+00,-8.534954800613415715e-01,-6.694369136334904491e-01,-9.783079498224979131e-01,1.798480087138117467e+00,5.529052285994815463e-01,-9.365920062436421389e-01,1.106231558859968711e+00,2.006986942888782932e-01
2.572534211115018454e-01,-3.444772087524529125e-01,-7.494159869569733123e-01,3.377660990546013653e-01,-5.450872299955903388e-01,1.816755629575104614e+00,-1.269291105243104179e+00,1.536156772854945229e+00,-1.113188487978006846e-01,2.990857340211058868e-01
8.331577666294346374e-01,-6.302492950044362718e-01,8.642483846986364071e-01,-2.707543855381176812e+00,-7.199895332219391486e-01,-9.240628073410653842e-01,-1.253506012371761624e+00,-2.149548380789511326e-01,3.857499681816948245e-01,7.026599984993058268e-01
2.408767572004076873e-01,-6.656934648935470822e-01,3.690164378251671318e-01,1.242856948508507114e-01,9.360561679360162035e-01,7.769367029315166207e-01,3.047641392062886909e-02,-8.972530061612568053e-01,-6.529501558320808252e-01,-5.497893596380333259e-01
-3.152663339162557476e-01,2.680504275897532818e-01,7.151743901280583904e-01,-5.111869301537765725e-02,1.612478790047252794e-02,1.433063050000045191e-01,-5.159053131323400043e-01,-9.253922576429560731e-01,-1.755437897310709872e+00,-6.951493580768723923e-01
4.731454532677869529e-01,-7.029114380395674599e-01,-2.378070374259396991e-01,4.664312874123169306e-01,5.206894964226687073e-01,-1.079532852166039003e+00,9.970593564536414100e-01,1.127350089355485308e+00,-1.129849857218560016e+00,-8.238368696411542125e-01
1.191090683146191598e+00,-1.468535212553008784e-01,-2.219777947451850864e+00,-1.399681504732686266e+00,-2.493696251724812352e-01,-1.163042650284601853e+00,-4.134237706364413678e-01,3.239621368357872844e-02,1.462254604034728844e+00,-2.904539162277890441e-01
1.072541799572758858e+00,1.428760162036770476e+00,1.434309669352076044e+00,2.847545933855682443e-01,-1.963289147838974236e+00,4.608248654038653025e-01,1.048399887813540987e+00,-8.106710543541713332e-02,1.744583870075248955e+00,8.598335614674578187e-01
5.682733771527842537e-01,1.086380711205837901e+00,3.333698512608780917e-01,-2.492810499395353485e+00,-4.991389514703656327e-01,1.197168027247853539e+00,-8.075913400982960288e-01,-2.234725052369391507e-01,-1.044836313903071412e+00,1.783922595201769434e+00
1.681492457418015452e+00,-8.838688951407293048e-01,1.472980003890840550e-01,-6.804940477640478713e-01,6.149446390313780819e-01,5.096830772423289746e-01,8.117055716132655085e-01,3.319184477078873097e-01,2.935406206388468053e+00,-1.027923765010738899e+00
-1.710603354436514234e+00,-3.930902007014615007e-01,-1.567988265560267269e+00,-1.492462270005992631e+00,-1.001314654197966947e+00,-9.221889054316274592e-01,-9.546181019500601383e-01,5.182189504454115525e-01,-5.061890610853361228e-01,-1.795145748724801538e-01
8.942327745009348572e-01,-7.663225247814262620e-01,-2.645458987047221711e-01,3.657599860929155455e-01,-1.941567800620221274e+00,-2.384905508950582398e+00,3.461173287977227231e-01,4.920142805668985542e-01,2.064220134852410737e+00,1.580948758668099252e-01
8.197397172580948022e-01,-1.954726435859738265e-01,2.972272215850863541e-01,1.667256841749533924e+00,-2.123992818125635562e+00,4.136162575716805234e-01,2.135586730077366102e+00,2.820342192093425182e-01,1.650572963232847856e+00,-6.292121495294423772e-01
-3.204749416371351078e-02,3.352470238858752671e-02,-2.217591079358770756e+00,-1.168177827850200190e+00,-1.096875079383986096e+00,8.220660780325274031e-01,8.721531056840550189e-01,3.240364427065333119e-01,8.241028968557058132e-01,-1.641494127217739407e-01
1.201931669539543224e+00,8.788442632071820707e-03,5.786404742675647223e-02,-2.655926332624113928e-01,6.844504776364278564e-01,-4.211988166129131961e-01,9.764313771980681622e-01,-1.132149140716006697e+00,-1.098916254728193875e+00,6.874267551265041964e-01
-8.854421458301270365e-02,-4.538914161531283353e-01,8.900577324754597175e-01,-6.072614140860844723e-01,-2.002012543003698353e-01,1.399227950071159299e+00,1.539142345810650347e+00,1.572398210270327112e+00,-2.821257769339112764e-01,1.230702904984470214e+00
-9.489528277686779534e-01,-9.069028747220607700e-01,-2.350455852624361075e+00,1.672868201898529916e+00,-8.639798490760782768e-01,-1.265325797470599756e-01,-9.103243419282839310e-01,6.951652483301404839e-01,-3.756336607173401676e-01,-1.304816890432949350e+00
4.416625641860606466e-01,-1.433730024810228487e+00,-8.374057253154912894e-01,-2.106889114626080861e+00,-1.423958112197606818e+00,1.785291697204778594e-01,-1.964536038102924653e+00,-1.481145724621715676e+00,-2.368916132808056643e-03,-5.436068960930525718e-01
1.992036635959308910e+00,1.833896546024375462e+00,-8.679224627511535894e-01,5.571376184034818602e-01,7.492825568794511115e-01,-5.974788580244031477e-01,-1.495541536498203872e+00,-1.229844930805761190e-02,-1.728456748141109223e-01,-4.357644969706191973e-01
4.423168681644852329e-01,-7.507296070055987647e-01,-1.151997547579143077e+00,1.090829703498318592e-01,3.859700925688758777e-01,-1.176644943900053031e+00,9.280906109910811441e-01,-1.770481137776078073e+00,-5.781134587156433469e-01,-2.580085361976089953e-01
-6.362237126519297847e-01,-5.650604735511924881e-01,1.871074482308114018e+00,-8.508840890388986722e-01,2.441221722471913935e+00,4.371267797310518510e-01,9.205513731199198302e-02,4.762403533876659045e-01,2.529927749251952296e+00,-9.935930039314480045e-01
-1.120417918936389423e+00,-7.548661965719211109e-01,3.214314696456089387e-02,-1.725771124812573332e+00,2.233923931860800835e-02,1.693547133413672023e+00,1.514073906247773993e-01,-2.926854589752765912e-01,-6.181604486836274059e-01,8.985117045515644829e-01
-8.258327732380474906e-01,1.846395920599247509e+00,1.933359747714357146e+00,2.567507986617875715e-01,-1.151508807664509970e-02,1.030659808241559450e+00,1.094798502227324999e+00,-8.059917310594153506e-01,-5.265551331367019916e-01,-1.322347434683295520e+00
4.090649383340571044e-01,6.666278834568907241e-01,-1.349925637861272953e+00,-4.551989048161591001e-01,-1.347253917581349603e+00,-8.987998102438378156e-01,5.510170602262994821e-01,-7.334820666782794207e-01,-3.008259560322986692e-01,-1.627311727947315489e+00
1.869902097246642914e-01,-4.427331984464882852e-02,-7.289592500331621983e-01,-1.890142976824741583e-01,1.802948805034443880e-01,-8.148681489093441144e-01,-1.476262544001779364e+00,1.805574432686815278e+00,-6.332727047102726381e-01,-9.676010318688932355e-02
1.010839735020313546e+00,3.529055187570484087e+00,-1.244486449888865698e+00,4.498272137265099113e-01,-7.075522852941062979e-01,-5.387903045767108434e-01,-7.202120210067899375e-01,-1.125654967800584938e+00,-4.129136178466143864e-02,-1.474502687048235616e+00
9.468075665118704798e-01,5.500293603337462478e-02,4.224349729014399979e-01,-4.661886119462231859e-01,-3.672039342117482952e-01,2.875639051673281044e-01,-1.164050632405825514e+00,-3.579904344133358340e-01,-8.596135138784540830e-01,-8.905688105910143371e-01
-2.109838240625641514e+00,1.339326589479999718e+00,-6.865387531537688881e-01,1.163376055163550138e+00,1.068792321394292255e+00,-1.285999706516493646e+00,-1.088411235672845701e+00,2.560502959355683839e+00,1.750925941927143459e+00,-3.151851332810415296e-02
2.573731064173493954e-01,-6.308464029471887446e-01,4.323527142003399382e-01,-7.171819007224714548e-01,-2.032353764298384657e+00,-1.321555786511050989e+00,2.109274785058724497e-02,-1.131067235502587698e+00,-6.727746491353452096e-02,-1.074661039432862619e+00
-7.823539225019935373e-01,8.531653064131917708e-01,2.474805476401046589e-01,-9.664421313347187903e-03,8.789639730706512166e-01,4.806085933473473459e-01,1.446563291251367511e+00,-4.598592623151401826e-01,-4.296349785275087041e-01,-1.301109266391345276e+00
-4.289807173724197176e-01,9.647698943024456408e-01,1.299987372262134011e+00,9.603051680866679929e-01,-1.794191866549436298e+00,1.083145212660734380e+00,-1.838518623272070718e+00,8.981173241223474601e-01,-3.677845265710552036e-01,7.025333139338556521e-01
-1.332448347894565899e+00,1.171167632706146655e+00,-1.464974746104888981e+00,-6.684549108531776529e-01,-9.980946277690352364e-01,-1.754284852822499019e+00,9.452756758846836416e-02,1.806089117836961355e+00,2.666905222320008928e+00,9.715578708624776627e-02
1.116681275067522350e+00,2.320946379285372119e-01,4.988831947682127455e-01,-3.421486511272388564e-01,1.950769254226021321e-01,5.374787046064285478e-01,-5.784597288763313472e-01,-7.749429989298792232e-02,-5.843011899748824095e-02,8.264033173305246338e-01
-1.066032171627680603e+00,-5.154220860765155315e-02,1.912005469052697526e+00,1.164060152585937535e+00,1.349179048888705212e+00,2.443184017803416014e-02,3.209975636860231685e-01,1.002236166702925368e+00,1.560255529530930829e+00,-1.951602912882886676e+00
-1.315441307049845632e+00,1.309444101402647886e+00,-2.768893557688035800e-01,-6.717207892580773221e-01,-1.254160986995603855e+00,-5.550167015441094254e-01,-1.402369283423824831e+00,2.091094272732477055e+00,-2.243605198057348898e-02,-5.795054176271757090e-02
5.880766751678315751e-01,9.623451692665693225e-01,9.458881565546393144e-01,1.073621943907571596e+00,-6.308455507908563575e-01,-2.978668049568612419e-01,7.690316554422754747e-01,-5.273890616396199604e-01,-5.106632027225018952e-03,3.987637644248139823e-01
7.851850823103762034e-01,-1.777680962370201234e+00,7.147456498889450671e-01,-2.337240578517254530e-01,7.074577108643810286e-01,7.769316923548287290e-01,1.607915061119157496e+00,1.353453647621203126e+00,1.346571662610296150e+00,1.443670319166238336e+00
2.913789848159459295e-01,3.218508703683969907e-02,8.728170831783342853e-01,7.320809514330224310e-01,-3.090662367382601694e-01,4.048234088082680593e-01,-3.509646678459441699e-02,-8.539329084600559838e-01,1.290460741376349807e+00,5.519924253008921811e-02
2.048708257698850677e+00,-1.625492270199832667e+00,-5.567787728433662986e-01,3.263883669087142003e-02,1.137381097628914040e+00,3.994693726021850688e-01,3.104727541807514313e-01,-1.127263792554147104e+00,-1.156941397229471313e+00,3.225046602899047099e-01
-1.364105993818358398e+00,-5.318777502893285991e-01,5.009173290858575101e-01,-9.823242722767758783e-01,1.605355962361806554e+00,1.223936344237890106e+00,-1.571419998338300372e+00,-9.323712431819871638e-01,-2.285777244494950011e+00,-7.825913625481332181e-01
7.663884765723993908e-01,-4.138949422748569029e-01,4.607972436159674667e-01,-1.522334318281744148e+00,7.979752545819053244e-01,-5.551092279283498243e-01,1.216968228290519691e-02,-9.287450139305272745e-02,-1.271548520892283873e+00,-1.153084331739782309e+00
9.677944690034260278e-01,3.989921575016955879e-01,1.050049041553426710e+00,3.246582355025183220e-01,1.429906348092164770e-01,-1.726010618666766527e+00,-2.703666967611697558e-01,-2.738432040374401757e-02,1.953107198272574063e+00,6.869566320986773000e-01
1.536061181709528434e+00,5.975377058947282105e-01,-7.113032269494793391e-01,1.171242161498513429e-01,2.362236462642330337e-01,-9.391555697706817085e-01,-3.843873765929211594e-01,-2.057669936771719943e-01,1.605619832565118088e+00,-2.080740525390978313e+00
1.205818420716043171e+00,-9.367952349593827721e-01,-1.372079187269614087e+00,1.179942130038464043e+00,7.318980692343810546e-01,1.254518702381189899e+00,8.007019475455767754e-01,2.059845001737401926e+00,5.587238369444853525e-01,-1.564773761231584848e-01
3.429263773213425681e-01,1.243469128345963570e+00,-7.793753252601169912e-01,-6.518885825313808224e-01,-3.089600145979073953e-01,-2.104582798765332274e+00,1.380784084175468163e-01,-1.886128703951025720e+00,5.305931293261903492e-02,8.652897561352498323e-01
-4.768764606438356535e-01,1.677115870186870916e+00,-1.460500899418487819e+00,1.191260681631832519e+00,6.751370564069206770e-01,-1.716033248310688597e+00,2.710794299040532707e+00,-6.374528550396617310e-02,-8.774840221556317044e-01,-1.407087194784016893e+00
-2.200180276596740425e-01,-1.274068723899597355e-01,1.026455285396642991e-01,-2.977961562239598292e-01,6.332253101150935315e-01,-3.876298326632463542e-01,-1.934964117240471015e+00,-1.493614956496412127e-01,-2.367477653373278201e+00,3.537706308913894926e-01
-9.793002302826353533e-01,1.633603549158004764e-01,1.314074981524604224e+00,-9.487486952680000973e-01,1.061256258512117912e+00,-4.333895666861531937e-01,1.753194802065585423e+00,-3.651526131982133494e-01,-8.404929855066913813e-01,6.872384503952884138e-01
-4.357897296236359352e-01,-8.414495141290084801e-01,-4.778398507037911469e-01,-4.460653218300140999e-02,1.342180131244854024e+00,-1.934087745459577068e+00,2.308065895042068355e-02,6.249035946540432152e-01,1.934485749917961017e-01,1.309865169433534149e+00
-7.434532975852405079e-02,-1.845514421859446308e-01,5.923295470133432827e-01,9.931381495134962434e-02,-3.904087382804710127e-01,5.161440395863796660e-01,-6.525282932166448502e-01,-6.111771520193267637e-01,-5.279940217656136081e-01,1.353069160166407325e+00
-3.221016355985713453e+00,3.955988347629423307e-01,3.427181420022222536e-02,-1.680870459238120285e+00,3.097267791360022171e-01,4.757519918315319951e-01,5.896392313574000399e-01,-2.651828063044948891e+00,1.366389411854438407e+00,-7.377367046848408716e-01
6.865677467531761113e-01,7.410737806822860207e-01,-8.766970856192929373e-01,6.604599523515503057e-01,-3.854932409123582593e-01,-2.071377179338157681e+00,1.167741925527779001e+00,-7.750449630162398185e-01,-8.544934627380542658e-01,-4.030658680367221192e-01
2.722367253273880738e-01,-5.727041082210226897e-02,5.480669247071704442e-01,-1.339489366528658687e+00,-7.423863704307346323e-01,-1.159970723215335564e-01,1.897887292658705594e+00,-1.138125384137580604e-01,1.085222263661631548e+00,3.855516878431770877e-02
-4.836586374375684838e-01,-2.467244241144405381e-01,-1.684197120288811467e-01,6.036457389607385871e-01,1.374611267576554496e+00,3.596808476863210813e-01,1.187077678741755404e+00,-9.647897376296855620e-01,-4.146305088140306849e-01,-7.243025342076668815e-01
3.144445908748524365e-01,-3.589583851794135860e-01,7.297729370341954347e-01,-9.310017116324414976e-01,4.303097332128143909e-02,6.868579110122561282e-01,-2.065302775040610328e+00,2.121631307330203775e+00,-2.831518848798756927e-01,-2.025039913676172976e+00
1.580938985767860183e-01,3.344346797315093933e-02,-8.189437957249300071e-02,9.911911129266662845e-01,7.474449714270556822e-01,2.978761910238450494e-01,4.501556339466476486e-01,-1.043584494380865313e-01,1.775490849240048297e+00,-1.479196018357766595e+00
1.396516742158965818e-01,6.502463118878011594e-02,8.132804060645929534e-01,-8.438538774248992569e-01,-1.743672602396536098e+00,1.568230160981931853e-01,2.812304922186041334e-01,1.489599409447649014e+00,-1.270362046325086203e+00,1.154693766716720082e+00
2.367414364027121465e+00,-3.777648875224771108e-01,-1.290942219493224075e+00,-4.069743663733711436e-01,1.400496737138073357e-02,5.637878750069146294e-01,-5.913947298380474171e-01,1.555198534147341993e+00,-1.114532315008061714e+00,-1.739205152172800029e+00
1.106710424287317363e+00,-2.274621031206199628e+00,-2.041297688727161941e-01,3.117681129208048407e+00,-1.204355295993149964e-02,-1.120767650696249618e+00,-5.739746378679374400e-02,-5.080078861953354896e-02,1.606499403531165271e-01,6.622629821596196509e-01
-1.039111168367739202e+00,1.687548055236793632e+00,2.451142843726178411e-01,7.267940464018037838e-01,-6.281493997556425457e-01,1.286382136995533498e+00,-2.570524088130646811e-01,2.775525134935317162e-01,-9.331060771871092507e-01,-9.969316264021268470e-01
6.882053064528825814e-01,-4.436068302073858383e-01,-8.538230875043770762e-01,-6.431833420270304247e-01,6.989530717174211594e-01,-6.290378612036109374e-01,-1.176549316021640729e-01,1.502775028709700880e-02,-1.917348886010298958e+00,-1.471126405373518020e+00
3.362778892475625225e-01,-7.370293611526971267e-01,1.056724911280418455e+00,9.668071042505443913e-01,7.191686663554371917e-01,1.819771787312597588e+00,-8.308932774318311676e-02,6.488819259038390852e-01,-5.844009765960310743e-01,2.452369912868723745e+00
1.983633652436019412e+00,1.188043451779194001e-02,3.865862299051922024e-01,1.359297599364805764e+00,-1.471395048141069528e-01,-6.566240707997047510e-01,8.739897510068824760e-01,7.843924608367008888e-02,1.829944496452604041e-01,-8.342713430679654651e-01
-1.717672148363396323e+00,2.361424098791010673e-01,9.049620414941997870e-01,-2.258067490760418405e-01,1.436429519558866774e+00,-7.039163254155444971e-01,-1.054704454965919913e+00,-6.723030719613125317e-02,-8.259257535129045646e-02,7.699687313352225893e-01
-7.749628240639847565e-01,1.368094236814898057e+00,1.966916962508253652e+00,-3.914402696834187734e-02,1.249710420184318549e+00,-1.056497070625260104e+00,1.075221541181915930e+00,1.047276408559462579e+00,8.634372801898786420e-01,-1.556308887029397847e-02
-2.954248941242031190e+00,-6.417271436521293504e-01,-6.259160176846020329e-01,-9.782549380604773637e-01,1.222430045470662141e-01,-4.189634455212346564e-01,-8.246120097650219138e-01,-1.058800148247819761e+00,-7.155129854852286808e-01,1.121499211849928290e+00
-6.610250546274941685e-01,-5.149387064332724417e-01,-4.566976150232463505e-01,3.389935138094196665e-01,4.562494885285329205e-01,-3.044656539243162374e+00,1.021635213827608135e+00,1.436368034243753922e+00,-1.050186537361669448e+00,-9.722982447348347268e-01
-4.502533877782714522e-01,-7.560040194566047811e-01,2.239268739466063751e-01,-1.946525286358864237e+00,-1.117927608036739739e+00,1.539197200174907465e+00,-9.282199673480178159e-01,1.243428278102924889e+00,3.553381955901369627e-01,-1.809267714588258302e+00
6.353291952162062328e-01,-1.176673021928533597e-01,-4.554670562497404873e-01,2.449570931720039257e-01,4.746334855667921349e-01,7.075918219746195614e-01,1.178252847548002302e+00,4.081359127783563689e-01,-1.375634088786361842e+00,-4.736454576511910375e-01
2.943048335268621418e+00,7.244910603817276140e-01,2.369287300811496966e+00,1.395434082199185299e+00,2.418020715557485656e-01,3.014070697811174204e-01,-3.658003987684579905e-02,-1.737804615846499479e+00,1.804725246822427853e-02,1.210674552542197135e+00
-5.996399948212036701e-01,4.119529990618095439e-01,8.515910458931973404e-01,-9.096804393124754418e-01,-4.513028643436645115e-01,-1.017911490477158898e+00,-8.221656066894071913e-01,-1.287605283653061594e+00,-9.004484613780268099e-01,1.419455680797839126e+00
-9.154770290902924934e-01,1.264592190606900479e-01,-5.028687536709559591e-01,1.178865937036938982e+00,1.311162296603616495e+00,8.640699821389469237e-01,3.061345531027550582e-01,-2.310595368408983885e-01,-1.191874704191249856e+00,1.943528881122197127e+00
-7.596730177525533589e-01,6.636463470328414216e-01,1.059565572623397234e+00,-5.552804969053294348e-01,1.038012527315962163e+00,7.642132033388553403e-01,1.727963835381765234e+00,-4.693464664267111841e-01,-1.285864017279714888e+00,-5.054897554445111352e-01
2.088535425343317209e-01,5.821272708505646765e-02,-3.934378962745504471e-01,-1.909197458977242912e+00,4.704829961291064899e-01,1.972344479082200008e+00,4.642512381230035623e-01,6.091355190535135966e-01,5.724453061551018074e-01,3.970466698823998941e-01
9.316659668680947748e-01,3.953736811856658484e-01,-3.126771696532759659e-01,-7.959889100087540470e-01,-2.489736552806752212e-01,3.141294964506659571e-01,-3.160829611229733493e-01,3.143386831314304852e-01,4.391501337004175554e-01,8.331794312701817917e-01
1.282794968838980365e+00,7.800741847885750424e-02,-1.307776565147660719e+00,-3.451040968191900760e-01,4.406256740659936916e-02,-1.835768756177090566e+00,1.388664520102482092e+00,1.423779125104662757e-01,3.813528345802849051e-01,1.365526462526265750e+00
-6.301428301423467326e-01,5.740419308840299939e-01,-1.098641231019356762e-01,-1.840868670159193921e-01,-7.721923878043792655e-01,1.665603213686527306e+00,-3.755000400755709178e-01,6.994642468957020798e-01,-1.875007387471936404e+00,1.179988529689786514e+00
1.052211155957058608e+00,9.743411029730303374e-02,-2.269424661379243480e-01,4.000000056135664117e-01,2.288790660880289263e+00,-1.763236698903485111e+00,7.820273875741275971e-01,-9.116173021539025756e-01,-1.991839629973120307e-02,-2.478801190786630304e-01
-4.283182577977556749e-01,-1.046512905272933835e-02,-1.134171145277790504e+00,1.029180436127967058e+00,-1.794143511198600383e+00,5.397645128283420357e-01,-3.265358525345711249e-01,-1.170924893807453682e+00,2.023833705986952114e-01,-1.556951086706477971e+00
3.971382171963468155e-02,-1.422876907811554403e+00,4.612720843178311769e-01,-9.243573336303755328e-01,-4.509940170293092465e-01,2.939493879431621104e-01,-7.725421118422358679e-01,-5.796399966830252659e-02,-1.513830501244853632e+00,6.308756035961555764e-01
1.764913805550771375e+00,2.792208867909961256e+00,9.116814666643917320e-02,7.882041407971867031e-01,-1.780625672907489188e+00,1.502734326305588120e+00,7.762285047241060942e-01,-4.839334449512330272e-01,1.237180800289009230e+00,-2.544760766453414980e-01
-4.580251830145565251e-01,4.753349254274912838e-01,-1.063354499830318600e+00,1.021624764399948093e+00,-1.055989811926843380e+00,-1.050054789823186230e+00,-9.096897884083343655e-01,7.595000375161221617e-01,-6.167753615197076877e-01,-1.347995784367168826e+00
-6.056799999357980191e-01,-3.204237068048686882e-02,-1.180972483664385564e+00,-1.151681109034343509e+00,2.111296334099584282e+00,-8.605654038138869089e-01,-3.230423687730067939e-01,-3.672370007992858398e-01,-4.213568077704417103e-01,6.213467399691020576e-01
9.481429504720495505e-01,-3.059544315315920748e-01,-1.236478286592348930e+00,1.274440227848903318e+00,-9.534109119668261745e-02,1.730321814857168627e+00,-2.245585897565162803e+00,1.954032212833202720e-01,1.918606333876207826e+00,-3.532641354381582111e-01
-2.254934233346360672e-01,2.955116915903387431e-01,-5.587958188849573293e-01,-3.120719320527328700e-01,-3.378150941914030425e-01,-6.274207344263732500e-01,1.228856550200559505e+00,4.610780322964351252e-01,2.506282321033020399e-01,8.085710068901167391e-01
-2.643558332034668945e-01,-7.742038183529005302e-01,-6.026243046145574045e-01,1.783041104608902019e-03,-1.059211708372902017e+00,-5.002610165866755443e-01,-5.161166418714346893e-01,2.124556229829013709e+00,-2.773814939933916701e+00,-1.796197214056332592e-01
1.725693792814770644e+00,1.218444641324539640e-01,7.534174734210927760e-01,9.982631509976791495e-02,-6.673333812164803369e-01,-2.241915934508913022e+00,2.054556870363028476e-01,-7.756066046023911698e-01,-8.003354061653037421e-01,-4.989872559791118656e-01
1.744861406623493538e+00,2.404837542253972948e+00,2.172079375284008962e-01,-4.647672239117277004e-01,-1.177226417451210594e+00,4.685401615460691449e-01,1.782905600065143981e+00,-2.473403870251567604e-01,-2.378996040753224239e+00,6.700496718155237730e-01
9.853997114500496757e-01,-1.585845640385847632e+00,1.764841836629528204e-01,4.512260161360988064e-01,-7.310730200893851560e-02,-7.907709190853536851e-01,1.015937223563556202e+00,-4.033797459686825904e-01,-1.485186162699932089e+00,-2.049474485669680934e+00
1.260849519999309720e+00,6.166639764711182581e-01,8.797354712916889696e-02,-4.402746368508032582e-01,-5.289984142031270986e-01,-1.075736648441611321e+00,-4.314556445598848322e-01,-2.120087215120174395e+00,-7.360636534685142118e-01,-3.109375163510938456e-01
6.098800471904188836e-01,-3.992646337336377277e-02,7.949231138755590287e-01,1.349135105113429489e+00,1.058170093824101654e+00,4.705098473785567781e-01,1.186267918078420455e-02,-9.807880084135591758e-01,7.399440513793162921e-01,1.679747382221529195e+00
3.421060396504181922e-01,1.917259148426122994e+00,-1.525571708061083775e+00,-1.154163384779541390e+00,8.552015077482625349e-01,2.642902101532510484e-01,1.313782176571807625e+00,-1.547164072673957828e-02,-8.679754225283319302e-01,-2.135932422050424717e-01
-1.532683970923734096e+00,-1.128590673097034536e+00,9.724439979180101723e-01,8.727874144696099457e-01,3.630042848060768823e-01,-1.721077520960469620e+00,-3.584035755128885392e-01,-1.224999888660050607e+00,1.176533253787765521e+00,-5.837221335626014973e-01
-1.085747710781549413e+00,2.979616512142443593e-02,-6.401544568346118069e-01,1.483743910203706884e+00,-7.348108975341908211e-01,-1.399228259224631232e+00,-2.152913515757515661e+00,-3.078650241341519475e-02,-5.619301138579263499e-01,-1.428904606511726794e+00
1.189226461255785239e+00,6.672451474292419027e-01,-2.821787893722977475e-02,1.364326244170866564e+00,6.625360333986130001e-01,-8.228559015184323533e-01,-1.039220163990766110e+00,8.179815444538613978e-01,3.963669564673509838e-01,1.697477679706617115e-01
-8.464978028689074119e-01,6.079475670057540304e-01,-7.554988831339491950e-01,-1.019866545936779778e-01,1.446944146386979879e+00,-6.608342358101457759e-01,-1.572989257072860969e+00,-1.052547191870110366e+00,9.942988266876232606e-01,2.547311373802094714e-01
-1.288773786887536243e-01,-5.090938053115695583e-01,4.853599075531900842e-01,-8.491048509902234809e-01,3.056655686425959195e-01,-7.312545688129569177e-01,-8.976593852750539559e-01,-6.374874348250116896e-01,-3.754074464839619041e-01,-4.882983593370316538e-02
2.354557951111143355e-01,-3.688365291428444159e+00,-8.076505577467648633e-01,-3.915699773560392671e-01,1.505062038608329988e+00,-1.080002608382132134e+00,1.627966180999125267e-01,1.495030309735837504e+00,-1.312968529947272867e+00,3.939752258644023675e-01
-8.022718339345203953e-01,-5.046337422892345215e-01,-8.031108339533145069e-01,-7.318573084158859210e-01,2.721912147906492940e+00,8.444558720716657252e-01,1.101737861786209027e+00,4.919934868364961300e-01,-1.606256788401958069e+00,3.949579703233071504e-01
1.072929614507346807e+00,-8.533994740391115386e-01,9.653266671611265837e-01,7.043362098540788541e-01,1.852040044813670017e+00,-4.177830125136188233e-01,-1.097610982275726732e+00,-3.616281093725456364e-01,1.435570993163623355e+00,-1.828405880841962983e+00
-2.068375715431032269e+00,8.939527893161326733e-02,-4.425892927741561511e-01,7.727893175684643484e-03,9.453117712358651836e-01,-5.525693461188524447e-01,-1.873005830930620563e+00,2.044481557199944177e+00,-9.972282874387761176e-01,-1.059037122012097543e+00
1.103720013722596427e+00,-3.844891210415179450e-01,-6.338985203481077579e-02,4.827901240603179600e-01,1.083583103109995616e+00,-3.334606931817719611e-01,1.519952005914299242e+00,-2.135799848734805551e+00,7.597872369530771497e-01,-8.395275580176573271e-01
1.372271316607991398e+00,1.420444788305452455e-01,-6.729053320094016133e-01,6.628410930216325214e-01,8.931883472072517094e-01,6.418941228586382275e-01,-1.029696239633060451e+00,-4.840171236220847661e-01,-4.072837121435025388e-03,-4.125965265006040217e-02
7.497454754383476860e-01,-2.014901232506608242e+00,3.343270545535034222e-01,-2.899813544366399154e-01,-8.385006163839524573e-01,-7.424867777695998150e-01,-2.145376645179636332e-01,-3.601085104459518682e+00,-7.012895707915497434e-01,-8.758148246462931219e-01
5.327832093226242405e-01,-8.055266825105205086e-01,-2.151138001704898939e-01,1.542276627661302024e+00,9.943515198154234680e-01,9.022713999434526233e-01,-4.998724304108517758e-01,5.430322792896523643e-01,-2.338978004535939570e-01,-1.960932106769378847e-01
4.096853437465495240e-01,-5.969935884209321975e-01,1.493003104443203499e+00,-1.601301395979371489e-01,6.183605662596649566e-01,1.455600479257298074e+00,1.031653774575175042e+00,-1.408919102690524561e+00,4.448958950098842458e-01,8.507193944606469271e-01
8.918630221607487529e-01,-1.113294834114631149e+00,-6.570352370173239143e-01,9.945582357416216102e-01,-7.617603706826456822e-01,-2.996960566643142587e-01,1.575875809501969371e+00,-4.779925038478981258e-02,-7.267741378338430369e-01,-8.776173568629050958e-01
3.327193295851879062e-01,-1.333148008477208490e+00,-2.473359638964181539e-01,3.332305349900217539e-01,1.299149820547667478e+00,6.675480803699956889e-01,-7.140651179821788652e-01,1.178419317563720536e+00,-2.995150375474775473e-01,-1.235703022049408961e+00
-1.720413592654725099e-01,1.438169201145701903e+00,1.652400500649252035e-01,1.252186432978633773e-02,1.637211644702853519e+00,-1.431354847054427282e+00,-1.285599114052772274e+00,-1.615846470966832094e+00,3.726481864800550992e-01,1.664931271151245118e-01
1.542736367279776033e+00,2.434750771367702182e-01,-4.041571594793027522e-01,1.794872878107085182e-03,1.177074184609580992e-01,-1.671761273328167041e+00,2.710331644334893042e+00,5.198710181019114973e-01,2.100083080225890464e-01,6.151639842785803225e-01
7.094109805866050111e-01,-1.405534855024316854e-01,-6.312411362407005511e-01,5.994506863217039516e-01,3.857108405314524369e-01,-8.098900990894081220e-01,1.419035611367263972e+00,2.933520363229833450e-01,7.298193622676306669e-01,1.391920887679918950e+00
2.188882116483477705e-02,3.169520069841153531e-01,8.100272385061164648e-01,-7.248610838000522083e-01,5.405166284600126242e-02,1.255485866511490411e-01,-9.560585516833943753e-01,2.317636788673878012e+00,-1.407293443492402485e+00,-1.298103903687157779e+00
1.314226575703579147e+00,7.132662507965423782e-01,-1.025964817480777835e+00,6.072890151016928639e-01,1.467850444997309767e+00,-3.026305759698575543e-02,2.598822900074582165e+00,-1.724061810868035449e+00,6.938234538591020462e-01,1.166528336221003048e+00
8.913439016052466801e-01,-2.043557266456483279e-01,-2.904414820111493878e-01,4.441451710872573733e-01,8.157544866520693994e-01,6.024734362823632727e-01,1.040057890793389284e+00,-1.018869957066735221e+00,-2.277709791236346704e-01,-9.400159321237542276e-01
-3.861127760861416403e-01,1.015220891814305304e+00,1.079839207252288324e-01,2.606859163149769731e+00,1.934063671897169601e-01,5.969188057973626865e-02,1.061829194402162807e-01,-6.378086928599359107e-01,-5.783661237759374352e-02,1.127788027111645830e+00
1.139706681277723455e-01,-7.934597298834713541e-01,-9.250846204786351556e-01,-4.502018916658434011e-01,7.386343441088037698e-02,1.193586535476262034e+00,-1.340488641366436751e+00,-3.198262778887562274e-01,1.443100194350788734e-01,-1.833705767629435046e+00
-8.335982829664063676e-01,-6.798885397361863481e-01,-7.959703738504982917e-01,1.918895450216474008e-01,-1.605596095017974012e-01,-5.552861026010362799e-01,4.279626265526350060e-01,1.723074717646249754e+00,1.639256516741752101e+00,-1.922771772062336293e+00
5.770721838351395849e-01,-1.780232900638384352e-01,1.551553428653562883e-01,-3.982830335425485702e-01,1.175886298872022423e-01,1.514073960720187240e-01,-5.789517573489231239e-01,-8.963675478251807993e-01,-4.486956826194842263e-01,2.342592644567655646e-01
5.989963416842640775e-01,8.533489773401465861e-01,-4.941900230669127314e-01,2.838445673027367722e-01,9.625025919532984586e-01,1.165594895144128174e+00,-5.883285413152208182e-02,-2.209317249396121341e-01,1.911242338363921822e-01,-1.149707472897405713e+00
-1.936095110355081639e-01,7.445863984731301288e-01,6.419471294437011366e-01,-2.702676043638890246e-01,2.177182010871666351e-01,-8.246503402906876223e-01,7.034921482250248159e-01,-7.782143613647309055e-02,-2.759514516961379949e-01,-3.617238360933864305e-01
-6.289386689985823620e-02,-4.478776449319586961e-01,6.581430360025632975e-01,-3.952835480161807080e-01,1.592964096027381204e+00,1.465210503481380933e+00,-8.915434898545047115e-01,6.970426942928022174e-02,-6.506566213361947293e-01,-3.266475631886113784e-01
2.002427467644797066e+00,-3.075714171157992172e-01,3.602260370774287290e-01,5.413212940082783309e-01,-1.000629372483240687e+00,-8.550954744092048587e-01,-1.206022371408119076e+00,-8.859707338977771407e-01,-2.850030109317182259e+00,5.445824007936280742e-01
2.054193841256069852e+00,1.478207390365269547e-01,-1.416268859340607422e+00,-6.427763828999479845e-01,-4.588768450249969266e-01,-1.017584777213375702e+00,8.601826383951567401e-01,8.102600443753339432e-01,-1.155451793817659834e+00,7.250810444475082051e-01
1.526812663577265194e+00,1.902558205229559762e+00,2.865212023085962567e+00,-9.019926494431974584e-01,2.824220426395203098e+00,-3.542063885087882724e-01,-5.924654553805143165e-01,3.270723748778452955e-01,-5.820613340930124169e-01,3.990441406465261021e-01
-1.320077187737301649e+00,-2.387526020634343216e-01,1.285582234361679399e+00,-5.706129143115593744e-02,1.415957867398827397e-01,4.752586047173112394e-01,1.170661629317660157e+00,-1.655224712189433012e+00,5.845240518374347216e-01,-2.681391392417632469e-01
1.666378953118384798e-01,1.059950169762376104e+00,-1.194186651411844213e+00,-1.012644441443089516e+00,-1.935429959713806269e+00,-5.491589417637764425e-01,1.330432344378816412e+00,-1.205871884734695254e-01,-1.340124895654785764e+00,-4.856787445750470056e-01
-1.487861703490622967e+00,-1.125186101731161736e+00,3.888189102637132910e-01,-1.173873326306029030e+00,1.112634305203301865e+00,-7.112029083033599708e-02,8.559470394452532716e-02,-2.783729676078937065e-01,7.728478385437231868e-01,7.831598877770107325e-01
3.350543519121713665e-01,5.647891059076479703e-01,-2.120896699204256330e-01,5.422030069090485460e-01,-3.378777754738067629e-01,2.231622162402000648e-03,-2.746437493662974294e-01,-4.572185393191959268e-01,-6.891117977217902091e-01,4.676901038588854864e-01
1.310605912813463281e+00,1.171101971669559427e+00,-1.256565335945435402e+00,1.289203051406873302e+00,-3.181585016179288572e-01,6.007330151455916312e-01,-9.062153320472110529e-01,1.419799138740053257e-01,3.137231828969070935e-01,-1.484604791919652778e+00
6.082671663441893140e-01,1.345935007838315212e+00,-1.746479456816278919e-01,1.360168130828012689e+00,-1.896934934524075189e-01,8.495845310466172418e-01,-2.218569965951099565e+00,2.418777779313463494e+00,1.495458245242957007e+00,-2.846255042536788848e-01
-1.972089026643818022e+00,2.880283683054891686e-01,-1.443925547073756865e+00,4.448535375574880213e-01,4.115657191642819179e-01,-9.414031690020248089e-01,1.120967023614377611e+00,8.055747028061734927e-01,9.758233372885634083e-01,8.857703668895378080e-03
-1.415524066913706580e+00,9.778722722111375942e-01,-2.703713991357911683e-01,-1.389780143192669071e+00,1.352039365974325946e+00,2.099407520502509339e+00,-4.124812897920302618e-02,2.159121154603291792e+00,9.131472861134962149e-02,-3.804559041663511665e-01
-6.304584541854775237e-01,1.637082407992742406e+00,-7.801438813877717982e-01,7.352693099749874062e-01,-5.591638350592083029e-01,-4.603067625743630931e-01,1.030249693969566893e+00,-3.800368462893536359e-01,-4.047953794202931999e-01,1.132804697174807140e+00
1.597397293221623160e+00,6.446898032842333093e-01,-6.547697756239492239e-01,-5.106084992975794545e-01,7.991526374003748989e-02,3.209300619256575393e-01,-9.878659101397718745e-01,7.230379395798638420e-01,8.551332963959903943e-02,-1.715708318638129670e+00
-9.289264824607303961e-01,-5.041286736516636946e-01,-7.285768884105507659e-02,1.889278795503996022e+00,2.381713061396282805e-01,-8.407718898986250577e-01,2.206308043071632252e-01,-3.520877474538809393e-01,3.247582395335418814e-01,5.805676870356151209e-01
1.209230647223938027e+00,-2.428649567002584553e-02,1.638960527599833350e+00,9.080226625361914605e-01,-7.074395448121878482e-01,2.209855665748464038e+00,3.269945132700978196e-01,-8.351245039722354768e-01,1.652913051230421759e+00,2.077777585198444577e+00
-3.302526371956056306e-02,-5.036502603755963481e-01,-1.723749574536619644e-01,7.147317275176997553e-01,1.277856655030513933e+00,5.704873308635735052e-01,1.017232084717697854e-01,1.498011770304427559e+00,-3.128364730515221792e-01,1.030919338366907079e+00
-2.880627983512786261e-01,4.310229580108931313e-01,-1.135625647904514868e-01,-5.585218265281086114e-02,-3.773865174622099139e-01,1.344854031180694465e+00,-7.329260381085350717e-01,-7.402322525487083915e-01,2.120993565845109341e+00,9.778475646543314248e-01
-2.385113698693036355e+00,-5.652587392104035935e-01,-1.811989337562054159e+00,-9.506906934152551392e-01,-3.138514666234039741e+00,-1.369895776939423770e-01,-1.141941819161311544e+00,5.990525679643838447e-02,-1.625121258882524788e+00,8.291185317203993155e-02
-4.149162781203273309e-01,1.501952965188595890e+00,1.411356861745624913e+00,7.853456030102829999e-01,-3.266137806612126049e-01,1.985380395260293307e+00,-1.553035277839820649e+00,-1.403558629563662619e+00,-8.378309988906465500e-02,2.254038108921119221e+00
-2.023389068700875426e-01,-1.832452432092819272e-01,-1.441910356111809177e+00,9.459295852703784035e-01,9.531762543293538226e-01,7.890752013999099423e-01,-6.292206728473623834e-01,-7.067067683730057226e-01,-1.293122250404970419e+00,8.387250176093363763e-02
-1.080407329278501694e+00,-1.177416505249288647e+00,-4.236907169106759463e-01,-4.891561751842161687e-01,-5.379785288219550710e-01,4.664445968402612941e-01,7.904780215027921997e-02,-2.881560305111176556e-01,1.830129283114820538e-01,-9.915270411046321897e-01
1.052786239096779458e-01,1.506024928446337841e-01,-1.503046859357480614e+00,9.956937543703620053e-01,-8.814337052269954897e-01,9.030979920643496250e-02,1.164411740535270301e+00,9.256767577138693692e-01,3.433338856883547813e-02,-3.624990028820685439e-01
9.475119085755672188e-01,6.746949778086198668e-01,-6.183650200441299649e-01,-7.948936470016904066e-01,-2.072355181695998194e+00,1.540318416835874116e-01,-8.269774501839866065e-02,1.136191374642541829e+00,3.590550934803665717e-01,1.334229194172690258e+00
-6.973642279161706981e-01,1.138150330967618196e+00,-5.289163791046551655e-01,7.775960617922721418e-01,-1.458758392530693504e+00,2.351352993661885160e-01,-1.984687941445909987e+00,-2.671374859417546821e-01,4.403539938779135743e-01,-5.209685512310957556e-01
-1.050437628755967356e+00,8.461184692959337061e-01,-1.034627898469234475e-01,-4.895706470306716018e-01,4.189592115427648311e-02,2.636669141945588546e+00,1.153502849781543826e+00,1.162573668187840248e+00,4.355463189923640122e-01,1.664852725771470698e-01
-2.396082288330416254e+00,-6.789803464631321006e-01,-4.805744132024745152e-01,-1.874892064047533058e+00,-1.157415790215433615e+00,-1.980836470922634041e+00,-3.832383569737249362e-02,8.187659708488160826e-01,1.106774518624328740e+00,4.147844620792411341e-01
-9.633963411985689840e-01,-1.932065158519959525e+00,-1.756868699401501921e+00,-1.268982577254498478e+00,-8.888596980356746613e-01,-1.597484979915866354e-01,-1.014164218126968331e+00,3.389758936682614743e-01,-2.322735027994728141e-01,1.054571174102559954e-02
1.140250552671204787e+00,-1.180231734200370086e+00,4.187045782923683457e-01,-1.397322847607330824e-02,-3.334862809696951258e-01,8.852563208659599558e-01,8.790141545570073767e-01,-9.464907959884281130e-01,-1.821605838579238856e-01,2.812116825840650369e-01
-2.730067480225845111e-01,5.850213322877982902e-01,2.811920179102754269e-01,1.832561240356012533e+00,-1.530279135929787593e+00,-1.224359897473974723e-01,-9.085025115121910799e-01,6.041074554390440943e-01,-1.617171890045544513e+00,3.463127102248865774e-01
-6.300484313483412091e-01,-7.341618661210141950e-01,-1.446498203540687255e+00,-4.650759462010060630e-01,1.084500530290925635e+00,-2.518868352947947059e-02,6.276804178744744833e-01,1.664641821966275081e+00,2.637555848225756616e-01,-5.587995720623404328e-01
4.672522151827898096e-01,-5.442961463142919065e-01,-5.044226832971694385e-01,-1.519892799618984824e+00,9.262574910843922593e-01,-3.860025756494392946e-01,1.820982458158620365e-01,-1.035961928606639493e+00,4.359476297154724067e-01,-7.619412381350839647e-01
-1.417087217018242473e-01,8.778260312391258369e-01,7.907593122325292656e-01,-2.203007251694046389e-02,-1.768131032706718342e+00,2.992810570060641329e+00,1.745858970273135968e+00,7.226748248882984837e-01,-7.532037815909707890e-01,-1.135921617019646779e-01
-5.434204297765168334e-01,1.263855939096388159e+00,2.625028908518338144e-01,-7.841638583598328216e-01,-4.707550991247819172e-01,1.121188142569904622e+00,1.600097846820478287e+00,1.528331563486245548e+00,7.570320650539774654e-01,-2.526248688026367928e-01
-3.241513825329120468e+00,2.971600238082215961e-01,-1.828758844100404363e-03,1.399820963213545266e-01,5.389734703320638032e-02,-1.326262161949157026e+00,5.574085568511856215e-01,6.322163140318503016e-01,6.823387820596591435e-01,9.465770035733865884e-01
6.040516449216232209e-01,-4.100294115389108152e-01,-7.083684791609022591e-02,9.112486725337687332e-02,1.076994491066184806e-01,9.982176559717297337e-01,6.436687530224908249e-01,2.077343439569953265e+00,2.206468979884672166e+00,7.964958261392499073e-02
-3.836655548459369403e+00,1.236832466127266494e+00,-5.403763389870543943e-01,-8.014839218310068070e-01,-3.984452749893668266e-01,-4.466430468146064259e-01,6.122698101053926090e-01,-1.559435779126225441e+00,-1.077720745791601598e+00,3.431585541974165876e-01
6.229440304133081474e-01,6.415416449360119566e-01,-7.870362789332989717e-01,-9.782656492662400449e-01,-5.066348337879192920e-01,2.398727522847250715e-01,1.485477369272549586e+00,-2.047437185770750290e+00,-2.207287569583665510e-01,-1.332678441025203719e+00
-1.652242677353489730e+00,9.669566453448166232e-01,5.446245744993384319e-01,4.494335159472620522e-01,9.210258397309933898e-01,-4.797188967661360492e-01,-4.326375163335282603e-01,2.185730616722574293e+00,-2.465710542595743460e-01,7.351321130540912074e-01
6.381540963314977048e-03,-1.848258530078415118e+00,-2.044629003801268219e+00,-5.789842199399047873e-01,1.056101251669989027e+00,7.882916566360036459e-01,9.140771642240336226e-01,-9.870461789363152993e-01,1.615872490122313598e+00,-9.648933001863843062e-01
2.128243986699687174e-01,-1.035228990773668853e-02,-1.738738203145863137e-01,1.338592138295606526e+00,-7.051105201659605415e-01,-1.349605255711928020e+00,1.999548620641928773e-02,-3.998267342865268192e-01,3.377382919082645873e+00,6.765074764399749974e-01
-4.093405752186243252e-01,-1.056111569187086596e+00,-1.880288410568784707e+00,-1.025219085737433034e+00,1.149417717591317417e-01,1.427328651594769404e+00,1.121689142387918947e+00,2.290948316463793932e-01,-3.231676657024846744e-01,2.688123564121542297e-01
-5.186379974845759522e-01,1.718363995763875662e+00,-1.891901812750799716e-01,-8.633785824672687848e-02,-2.215822425020668174e+00,-1.954348465227638554e-01,8.364841379649409214e-01,-1.067722577038545007e+00,-7.507203344928128352e-01,7.927110177336647023e-01
-1.476657223518053286e+00,1.057801007541918414e+00,-5.321438901731020410e-01,-3.885682204912029314e-01,-1.123878405125594115e+00,3.780462604278831962e-01,2.459871985029379982e+00,7.814972394606319872e-01,-8.642852619405360093e-01,1.135620585491476264e+00
-3.166795459342494623e-01,1.374484981427559260e+00,8.066764021643628713e-01,-2.943141565471733223e+00,-1.004079632955027446e+00,9.443852228353897260e-01,1.516572721450175631e-01,-1.023755947707850611e+00,-6.335895154938127050e-01,-1.906236620089380551e+00
-8.837328752639603269e-02,2.210689726015764744e+00,8.049333907323256154e-01,2.190417001188423196e+00,8.823970897899802157e-01,1.027479343352691643e+00,1.974078687745023819e+00,3.772632593422263758e-01,-1.872273215068802343e-01,1.032657516622012217e+00
1.453840237121884815e+00,-4.799646427122089554e-01,-7.215690823400292553e-01,1.388560324308801830e-01,8.314988669316620840e-01,7.980910486615616639e-01,-1.424167600187598914e+00,1.911606067063321479e+00,-6.411649293968504359e-01,-2.650649968885793739e-01
-9.026543599878197321e-01,2.698328835937087611e+00,2.420706702879673600e-01,-8.509750806815649105e-01,8.639235499624459136e-01,7.691357793100330742e-01,-1.877270235798839670e-01,8.406067127833833919e-01,-8.252919608308644239e-01,-4.929182749492522775e-01
-2.010216654566062910e+00,-1.323951084219562757e+00,1.807630805670685792e+00,1.641428627722314459e+00,6.578864864896251385e-02,1.662931447189837542e+00,-1.600744866083050055e-01,-2.434103025679082710e-01,5.651064846555636789e-02,-1.249215953235654208e-01
-2.151963235601804247e-01,1.143398107149552700e+00,1.501356539562030967e-01,7.124817644338045097e-01,1.031380525277330928e+00,3.881857956547333788e-01,-9.702713259082385022e-01,-1.352865888964038588e+00,1.487806348073051899e-01,-1.712563048249344799e-01
8.739142892012170816e-02,-1.605403924858618894e-02,2.583573660166567088e+00,-1.330226255641338007e+00,-1.989946269821124769e+00,3.323768335196096713e-01,-3.764225545881952906e-01,3.160678697299512119e-01,5.838830222840011297e-01,1.284104695178897471e+00
-1.507225820383938375e+00,-5.567178978571629688e-01,4.287612588807638292e-01,7.704635956872265545e-01,2.193449550288385730e+00,9.557039711138671789e-01,-5.678859588627709759e-02,-8.904357529426611961e-01,-5.642898527190189917e-01,-5.927028229571063012e-01
6.552336285137606575e-01,2.569974455858304863e-01,-1.323649570842178935e+00,-4.359014690904329803e-01,8.775475534514206588e-01,3.516623549740590104e-01,5.686446160127704985e-01,3.829217100572630539e-01,1.626430734608859341e+00,2.360430638243700419e-01
-3.860227978706979868e-01,-9.157550411335605434e-01,2.496094582097118653e-01,-2.440704014775084474e+00,-1.842890018327119350e-01,-2.058398599213439595e-01,-1.364470853617280932e+00,-9.282658386559958785e-01,8.096575301482411557e-01,2.307117490749625299e-01
1.017883337073274969e-01,3.063475339320226309e-01,9.262758794892354819e-02,1.242862562858314535e+00,1.234291817036487493e-01,-1.458213113818750406e+00,1.630129964874410309e+00,3.703402673288457292e-01,-5.892537307950677095e-01,-1.253401718295018563e+00
3.959142209580454042e-01,-1.171720049743754655e-01,1.574146786032408762e+00,-3.459072806668278544e-01,-8.373807896824668751e-01,8.957962182359284764e-01,9.252818927168313667e-01,1.686513676101955017e-01,6.763570476749083404e-01,-3.768712074223790065e-02
2.338651010092469840e-01,1.164990882563923025e+00,6.253183340215028307e-01,-1.692744383326246771e-01,1.352362545926150794e+00,-2.364855372791512700e+00,2.052073311421934942e+00,-1.705959094890735273e+00,-6.270928247722959981e-01,-4.091753519506904219e-02
-1.464806707281613718e-01,1.006411040026554682e+00,-1.057836618610234369e+00,2.607668174830631846e-01,-5.782120982197539449e-01,2.951409793374166202e-01,-6.477225979787651355e-02,9.293565268297786230e-02,-5.499248324643456476e-01,-5.100639500960824080e-01
2.872725140274269284e-01,9.437155057560443483e-01,-5.982793341978477342e-01,-8.687675445729097223e-01,6.134601656718370322e-01,-3.250389305768940085e-02,8.304981339859519585e-01,-9.057972133711476026e-01,-1.779438925423430851e+00,-5.330040818263342972e-01
-7.663526092650160271e-01,-7.878840008029991404e-02,-6.368452142703895369e-01,7.410169513364491811e-01,-2.881502624225162346e-01,1.504744987739009832e-01,1.576345584409439560e-01,1.949550924121873363e-01,-2.412911045497340493e-02,5.106006904103135291e-01
-7.956551338258075479e-01,1.399417926653883093e+00,-2.365373833685351923e-01,-1.311549137898681661e+00,1.880733569917730497e-01,-8.511804824474850095e-01,6.653345345088750307e-01,2.209605576042377617e+00,-7.865720915578501282e-01,3.323723332239847950e-01
-1.755505588704627584e+00,4.539052294413472022e-01,-8.857137997996895606e-01,-6.248346184344821808e-01,-1.101286489839828020e+00,7.321512260547354822e-01,1.007304357473262524e+00,2.338521465850766298e-02,-8.644267053357196362e-01,1.589523036103862363e+00
-7.504101277546562088e-01,-2.162032299927438839e+00,4.583890099570683829e-01,-1.104774673641516713e+00,9.886087934991747428e-01,-3.811376966734188465e-01,6.037132405441961724e-01,1.401500346552158049e+00,-1.208858864620721896e+00,-5.659371308924054933e-01
-7.567107265706343733e-02,1.537551319034343500e+00,-6.583827179404454499e-01,-5.945036959490072048e-01,4.781405755558084114e-01,-5.772287257105709335e-01,1.525258828976165659e-01,-1.551537420968126746e+00,2.214329942556596542e+00,-1.347709230309403372e+00
-3.217527039902083330e-01,-3.248103584209461464e-02,1.912688134356795633e+00,-1.324845780932740080e+00,1.983704135478751240e+00,7.571768211020225570e-01,4.170953244232462054e-01,-9.846336870179557277e-01,5.711412420380737043e-01,-7.234866224197999962e-01
1.266661253198412274e+00,-9.710620291077330934e-01,-1.131584944560839329e-01,-5.552730880131714342e-01,-9.875229624269945550e-01,7.413198169079142641e-01,5.354587474096335065e-01,1.209010198900997146e+00,-1.779875108208167411e+00,1.064170702341043828e+00
2.505448905356893796e+00,-4.516410891769468972e-01,1.895148612108969788e+00,-2.631612720598265898e-01,-1.372409737561306908e+00,-3.056324424067956014e-01,1.048203967675275905e+00,-8.381764823315314139e-01,-6.003386590064870854e-01,5.935394322931908384e-01
3.060116738572855096e-03,5.846229524867407878e-01,2.378295407583358723e-01,4.796253195515729484e-01,-4.323011858095410775e-01,2.317309420303925449e-01,-9.273730056959336165e-01,1.288433622503388554e+00,-6.342747168173137329e-01,1.128847487549389461e+00
-2.336069609828654026e-01,2.019990107573212401e-01,-4.949645508907006830e-01,-1.015995431168029040e+00,-1.744760387605301499e+00,-1.055324158592459538e+00,-3.239088532159216105e-01,2.118791788288839073e-01,1.010379313283263469e+00,-4.457574597968488872e-01
-8.819607642671740688e-01,-1.442714786002712524e+00,4.800636179041039009e-01,1.383194515329343233e+00,1.266330267956288669e+00,7.099327481472373913e-01,6.385433172675990532e-01,1.697623779709340974e+00,3.320814614168104972e-01,6.461296760241715953e-01
-3.207838618519990859e-01,-1.362043370854757462e+00,-6.838489004995762510e-01,-9.159038534655270999e-03,6.078537250130285063e-02,1.926285854855393165e+00,8.127716759106870525e-02,1.178843444025643894e+00,-4.350772415763160539e-01,-3.116758857652341397e-01
-1.329007637223448279e+00,-7.423280128765717967e-01,5.269813913637531044e-01,7.560180394133264765e-03,9.429386198972337096e-01,1.812539483450502642e-01,-3.524537316377417961e-01,2.148296863786958610e+00,-9.390356871304721131e-02,1.163000969705304088e+00
-4.012092065446776767e-01,7.095994793835664893e-01,9.280156591516868225e-01,2.084919705755807207e-01,-2.354482922696602198e+00,1.825246085611294602e-02,1.230460047759975417e+00,5.274808330277304114e-01,4.458388752292465895e-01,-1.722256933957519109e+00
-7.204550706750588729e-01,4.113576311514390293e-01,4.103832767868920706e-01,1.214666780132902746e+00,-1.448667551460943725e-01,4.058240866738142549e-01,1.637424193129370306e-02,-9.869427365015568387e-01,-2.255791331094747498e+00,4.310096921300766715e-01
1.739472084128113605e-01,-6.181750421001689366e-01,-1.619173056515864628e+00,6.297395144087379881e-01,-2.659200741955520253e-01,5.568747223681456138e-01,1.864048530411758442e+00,-2.141430880319704855e+00,-6.996008087023638522e-01,-2.093756133119132612e-01
1.454826174146650608e+00,-1.636403019206484899e+00,1.935861025680604586e+00,1.358559015662904879e-01,-9.600066173385823909e-02,-1.980597632189064206e-01,-4.362630321800288202e-01,1.048116759269154707e+00,-1.068520754082438851e+00,3.454141816438536239e-01
-3.841816657069755392e-01,-7.621334485140979220e-01,2.585975175683895788e+00,4.190507347534600524e-01,6.132655446611438022e-01,1.137776780668662280e+00,-1.421349945318547192e+00,1.752291909122031699e+00,-2.508957178495075713e+00,-7.687664100385205312e-01
-4.590316731789003679e-01,5.817233649705059184e-01,2.187182661414877327e-01,-1.668147406983932490e-01,-1.199734462772386601e-02,-9.780230235225682023e-01,-1.497232394484173224e+00,7.265116223360602588e-01,6.937061125361853042e-01,1.584494375157058599e+00
-7.900170968152079309e-01,6.928152103009225238e-01,-2.837067283647317639e-01,1.190474985193482160e+00,1.021962776678141616e+00,2.112093992244566953e-01,-3.395301566659865711e-01,9.609321786082614114e-01,6.469045232565655557e-01,-6.844404020861822868e-01
-1.327798673479430924e+00,-2.885329006817962116e-01,1.515413815348209070e+00,1.146487158733038303e+00,-1.112327469670580715e+00,-1.167757415899921103e+00,1.274683849679486336e+00,-1.135635904757829051e+00,5.092953236420080243e-01,-6.160712153363238075e-01
1.617044924521682470e+00,-7.704247991378788685e-01,1.143361530205828203e+00,1.848586540603646688e-01,2.521948542342867805e-01,-1.970308581351401411e+00,-2.202913353205718572e+00,-2.205659402673139646e-01,2.469060634166117263e-01,-1.125197827737723255e+00
-1.088693410476342160e+00,5.614726298261329962e-01,5.628544804571306015e-01,-1.377410603879270501e-01,7.802017211860750034e-01,-1.174202295720146560e+00,-3.559349170869707257e-01,1.647877605783673260e+00,6.832212993981789939e-02,1.263125145870000188e-01
2.305946585967739715e+00,-1.399342165848770803e+00,7.964303666421104211e-01,1.663986279808099544e+00,-3.248579264985461124e-01,8.596307868548460629e-01,-9.820194972109047571e-01,-6.867323955673515501e-01,3.849664160476343189e-01,7.985666731105901528e-01
1.120936512406245811e+00,1.569628586939493031e+00,-6.744655855518212617e-02,1.193611755172587774e+00,-3.423048434491489100e-01,9.020913115882678301e-01,2.074887978521817722e-01,4.456779070819238964e-01,4.235078740220374338e-01,-1.604705009797812165e+00
-1.124121858860773315e+00,1.025414398175224090e-01,-1.687279079641168522e+00,8.312111031997557742e-01,8.715559662881419145e-01,3.271705528777902328e-01,-1.121134012757922127e+00,1.380138938868514797e+00,2.037210639718357807e+00,1.470768274459739733e-01
5.105353784512363102e-01,2.017386547960439147e-01,5.303691889987989239e-01,-1.195587566263960067e-01,-3.456423984380333631e-02,9.057176004973653827e-01,2.345624161896440629e+00,-1.400071234401738751e+00,-1.038124844029668786e-01,-1.180460485232082135e+00
1.592024898576083425e+00,-5.877379693198984123e-01,-1.443200793785794023e+00,6.381869988485734391e-01,1.744311114743111180e+00,6.635978685607627492e-01,2.047978772819173676e-01,4.091409227759941758e-01,1.414840662825554762e+00,-8.741992700141498762e-01
-1.118471040863130012e-01,-4.526901485095336519e-01,-1.167865307291710231e+00,-3.283752594168024008e-01,1.107721095982448611e+00,5.666021483927254909e-01,6.443105001082004568e-01,1.464756116533182106e-01,5.233237827285885935e-01,-8.005903423481054437e-01
-3.095098859272292779e-01,1.920042369686767447e-01,2.775158588818902317e-01,3.201878549218730163e-01,-1.383352820163780139e-01,-3.774234011303300163e-01,3.157771283044298105e+00,9.067872729323986913e-01,4.131474759526224116e-01,-2.332084982063939715e-01
-4.512188269438762722e-01,-1.308005937269555996e-01,2.928288435866833739e-01,-1.880435544063081110e+00,-1.569389595374683699e+00,-6.368823889389575443e-01,2.071394367785685253e-01,-2.392731471518513842e-01,1.478121226099484264e+00,-1.482396786995768823e+00
-7.513454696033703417e-01,1.520091740991101226e+00,1.311193246751468366e-01,8.848425828011584615e-01,2.051246943269463330e+00,-6.938044179018225677e-01,-9.931433779203206746e-02,-2.724269009308715739e-01,-1.954593004483275553e+00,-3.103968037559690640e-01
8.810621873806654403e-01,5.405895418122408369e-01,6.190831693880101128e-01,-3.755089806394995011e-01,-6.560972360056414043e-01,1.269255671898620541e+00,-4.973171463576695484e-01,2.940820387932140956e-01,1.633346806775384519e-01,1.461717016257118251e+00
9.714123576723596720e-01,-1.295258620667120830e+00,-1.187553166775040081e+00,5.789098180691342188e-01,-6.433764737916651544e-02,-4.551717839537638977e-01,1.015627883994470793e+00,1.874593820889108309e-01,5.245738688944395073e-02,7.798286407550496513e-01
-3.751089949435644777e-01,1.568518985472554084e+00,-7.880476232330080322e-01,6.569290663420881415e-01,1.433832838659845121e+00,-1.377295489272100104e+00,-3.433351758524492148e-01,1.142207392885557837e+00,1.157244547731025142e+00,-1.714956003882392721e-01
-7.346710936768594546e-01,9.559358223307622415e-01,1.183549102581604728e+00,-1.164663348512394725e+00,-1.203913648966380201e+00,2.252566819835995493e-01,6.293606334288918136e-01,-2.990690852300547098e-01,6.792938199823492784e-01,-7.101366068373821117e-01
-2.114693599073735442e+00,-4.239010723325960517e-01,6.323214651310117562e-02,-2.758399598964565436e-01,-1.158603263659485183e+00,-1.815648975878817462e+00,-5.140888043678978336e-01,8.976557716497435280e-01,1.256197439413682337e+00,1.187713384138455064e+00
-8.159095351485530223e-01,-1.153706323630363961e+00,4.966346149798953613e-01,6.351000115979252847e-01,4.001696052004974358e-01,-2.014063274237763324e+00,-8.668845848834666468e-01,-2.968879028597843153e-02,4.872181946304271483e-01,7.673073626024867755e-01
1.442535222820401919e-01,3.307838065382363024e-01,8.486545836110416519e-02,6.856193742184829576e-01,3.128656514909110009e-01,6.573766004728737178e-02,-2.683687991373807646e-01,8.129142504248110246e-02,4.845913788392748334e-01,2.674753888980612171e-01
3.808264183452537144e-01,1.342721861351185320e+00,2.651639227465873994e-01,-6.489985204731576474e-01,8.836067859941691971e-01,-1.366198337668917739e+00,-1.081413380739287167e+00,3.358472647200690941e-01,5.163966677865787780e-01,-1.245051223503994997e+00
-3.828174809867500028e-01,-6.060838322196586692e-01,-4.866763228815967346e-01,9.435977762729458318e-01,7.065054635472527433e-01,-1.912217985370748274e-02,-5.459619271149278585e-01,-1.349649670220140596e+00,1.420184938781948736e+00,5.921139002849183930e-01
-7.066691040731404305e-01,7.195994976248915043e-01,-7.022362057462566698e-02,-2.871095048623428792e-01,4.352115282896023563e-01,-7.414982499127249493e-01,-3.437565195101100479e-01,1.214610641995458873e-01,-4.994511928852134464e-01,6.690852102675239887e-01
1.869066503678260771e+00,-7.542981326071427350e-01,-1.665125296304044378e+00,-2.001740167476261600e+00,-1.504681414949822216e-01,-6.631645901261827847e-01,2.078605010670802056e-01,1.325976720261007880e-01,-1.603216846614096136e+00,-1.814883829481406030e+00
2.959332403460952499e-01,1.354288347199570086e-01,-4.258179983665512647e-01,-1.657143585132304642e+00,4.713912627649907705e-01,1.271899545423943456e+00,2.779824402189222665e-01,-8.474738905650646137e-01,4.455216557115131149e-02,-1.366114080933684916e+00
1.057960713838792532e+00,8.184433452953882027e-02,-1.768156911753231864e+00,-3.006743604436826200e-01,4.633015102342308289e-01,-3.330476209755224293e-01,-2.758957214401738800e-01,-1.224402207047271762e+00,5.665409870816561222e-01,-6.484692000191374373e-01
-2.156445377005032693e+00,-3.712573706703938270e-01,9.811497155703530204e-01,-3.869294465999473798e-01,1.737984985123520287e+00,4.289679485485170529e-01,3.387581622803660930e-01,-1.283982659176088614e-01,-6.828620776429063233e-02,-2.634236351195040071e-01
-3.022693920825264557e-01,5.308671620671487901e-01,-9.358312297905655441e-01,-1.075893828724259649e+00,-1.123195050875377632e+00,2.045654547677154156e+00,5.303429016705799581e-01,3.044922016801447917e-01,-1.057514670293431491e+00,6.233423006748285422e-01
-1.165713464533288946e-01,2.141689411317502512e-01,-9.766203158635560211e-01,1.602688574175767100e-01,-4.238335382064831736e-01,-7.656111570301877833e-01,7.341063358072487111e-01,-1.537707808530002440e+00,5.647762643141506222e-01,6.844861335529962565e-01
-8.796436755512406780e-01,-8.203284611324673792e-01,-2.230256812664022092e-01,2.820362104622205490e-01,-1.528549918142254882e-01,4.335624601918792731e-01,1.762979652537399078e+00,-5.077167691497138646e-01,-1.715179970703420542e+00,8.259235830306531634e-01
1.683314575927529644e+00,3.927683630511243917e-01,-1.087748675353668038e+00,-1.238923632352009335e-01,-1.118523484211632280e+00,6.428554939629476106e-01,-1.351290402698434479e+00,-3.001287868281999893e-01,-1.004337826293906444e+00,1.268246851349618676e-01
-3.663416771377576708e-01,1.767621032502638412e-01,2.235055496636565928e-02,-9.866590277241104046e-01,6.268770635290218385e-01,-4.876565184311529993e-02,-9.885290078659004775e-01,2.240926556205792508e+00,4.764301667171247368e-01,-1.532605533993054159e-01
1.415204526701823395e+00,1.841815609386607155e+00,-1.453494223138850905e-01,3.473974864347616487e-01,-9.880028180029408746e-01,-1.471927507680114988e-01,-1.990625537598698647e-01,1.848270336216540077e-01,3.327604786370103596e-01,5.598284488280599325e-01
2.376426562999591208e-01,-1.210742626629164542e+00,-9.384671057410849393e-01,-5.464076194636729999e-01,-2.822405919232289229e-01,1.050774290472113792e+00,-1.162938986852912970e+00,-3.574150481706999116e-01,9.530094982140497883e-01,-2.998774744966122285e-01
4.604156498428240707e-01,-1.395420429279035368e-01,2.567832573247228467e-01,-2.284725438095405459e-01,6.670654727283540364e-01,-1.545056407406435239e+00,-3.633120083885450491e-01,2.965726766943081461e-01,5.336952480061929460e-01,1.492952622753827674e+00
-3.910246668655764091e-01,1.479481761860872879e+00,-6.590238266596706307e-01,1.328646411544643913e+00,8.174671266983724038e-01,-9.134585796322227669e-01,3.070392372518218616e-01,-5.123583553219154124e-02,6.255845936750001890e-01,-2.232715884333094647e-01
-3.072462256617314869e-01,1.369094582762851342e+00,-9.872089445567296118e-02,8.264223241917663110e-01,-2.253514850441998285e-01,1.666663259227523453e+00,-6.783346293354933776e-01,-6.141435312471846819e-01,1.524517181115903064e+00,-4.449463908952528413e-01
1.601074306164392613e+00,8.918405795948127768e-01,-1.546497065608334609e-01,-1.813293472017158514e+00,-1.931830427183567345e-02,1.016300535334246774e-01,1.167217733304372951e+00,1.588447176240111780e+00,-6.849871791437476265e-01,8.011817639881827491e-01
7.654021560133494884e-01,1.073412702410445174e+00,4.986899121355444775e-01,-1.942497690961769941e+00,-1.554224325277596963e-01,-1.155707574916915226e+00,-2.026057729180738565e-01,9.800042361338939800e-01,3.051508358749726590e-01,1.148090866397432741e+00
3.417539207135393275e-01,-1.298325939668902640e+00,-2.520847006572734639e+00,1.488087616795903401e-01,-2.139264663511653841e-01,-9.769457393818821167e-01,-1.700627249651377904e+00,-7.347432134727092112e-01,-1.944914848647760486e-01,6.658778237063901484e-01
1.886310815679800856e-01,1.608067247172729086e+00,-1.035604056045394294e+00,8.810588920574333738e-01,4.729874312872792141e-02,6.946691241185846133e-01,-4.365148632655435623e-01,1.071680373890589788e+00,2.952247583452428659e-01,-6.794449849177496281e-01
-1.202402891318812145e-02,-2.395558589370990199e-01,4.891783506377936908e-01,-1.179776749374508604e+00,-2.935170211569457233e-02,3.953072526493311978e-01,3.302330719303323697e-02,1.346941244388995873e+00,7.740227740710524662e-01,-7.480796740746614715e-03
2.166890974976731499e-01,2.956655514819995778e-01,4.032996041668240328e-01,-1.825657995664607958e+00,-3.015262957693470303e-01,-1.484439068193425859e+00,1.278280947459486505e+00,-6.084952000292773167e-02,-1.933409496796227589e-01,8.967973320332351950e-01
4.223247974498746671e-01,-1.128634514379207143e+00,-7.090536252736880096e-02,-3.351669732263848345e-01,-1.744532888606054044e+00,-6.902762332372046616e-01,-1.835403220164655846e-01,-1.149509314918426006e-01,-1.482231423677308646e+00,1.151665583047475572e+00
-1.021030588914389331e-01,3.755307666056290766e-02,4.006416383398366809e-01,-7.880762539036711978e-01,4.563559731326962687e-01,-3.670746460181830151e-01,-8.965855406471917588e-01,5.734474933553990184e-01,1.491673858801807695e+00,7.248293734858317627e-01
9.229775651404306114e-01,-5.206306065622989809e-01,-1.597619729168456404e+00,1.490137522099841183e+00,2.054514889404759792e+00,1.542806773769682005e+00,-3.357859389797496763e-01,-1.154634338728844245e+00,-1.065682697819566593e+00,-1.683732567614048659e+00
-1.073786184100453678e-01,1.605677958082454504e+00,-1.416626318722430944e-01,3.023229003482745259e-01,1.375596964304208525e+00,-4.040953118323996618e-01,2.035531456719594789e+00,1.992094407497453368e+00,-1.311113386804826642e-01,-5.775342640192128174e-01
6.972380463903130599e-01,-3.475249425188580710e-01,-1.156555217067336327e+00,1.281238653522980275e+00,1.216447387277080017e+00,1.555116037635608239e-01,-1.262864753728177858e+00,-1.229526251217386124e+00,1.072292884191527462e-01,-4.998710345050322301e-01
-3.410929321416080739e-01,1.021963155060003015e+00,7.331793174225577081e-01,1.378142680497612904e+00,-9.906232233772576112e-01,-3.431915686867119675e-01,7.589816954601127375e-01,4.480783410128917343e-01,1.532380382587621881e+00,4.205367059040692745e-01
1.848109104105552403e+00,5.400178017231407335e-01,1.062167447588660218e+00,-3.235149467844571358e-01,1.428721188398906008e-02,9.109444038394749477e-01,1.612978170593054372e+00,7.292369493107530021e-01,-8.317177193461948448e-02,1.377335029528341748e+00
-2.191978656279881754e+00,-1.422234501506873805e+00,6.816342236683889944e-01,1.410835625312485513e-02,6.055136511241652197e-01,6.440752243194204640e-02,5.709456946038726777e-01,-8.144028209931906126e-01,5.704860860796907573e-01,9.944145282075844694e-01
1.220550603931232603e+00,2.013554294648699727e+00,2.440984435023863530e-01,2.739110868471786309e-01,-1.523172464173847773e+00,-5.314114011384249991e-01,-1.930820740066126473e-01,1.050319552276355095e+00,-6.110011240896291440e-01,7.963400197488323951e-01
-1.621716963380123548e-03,-1.771681151147619093e-01,2.488939691332562598e-01,-3.911563722528422771e-01,-4.290372480926655241e-01,-1.704785905790114464e+00,-2.479542073278896142e-01,-4.799681461487265155e-01,-5.159809893490795440e-01,4.168730625900403663e-01
6.586319527905096782e-01,2.321945046423276038e-01,9.954151904494744629e-01,5.755619258303651398e-01,-2.950561898056422439e-01,-4.628562857143799225e-01,3.128222367668464510e-01,5.737671099019008292e-01,1.397844307031498090e+00,1.191173044940095460e+00
-5.414730065071690079e-01,-1.020062801272616920e-01,6.710178049177699666e-01,1.067997778058972003e+00,9.389694687047921429e-01,-6.387783283134668144e-02,-1.254022652428516515e+00,-9.989363762455912843e-01,2.726335143194142940e-01,3.422255794243455607e-01
-1.098679373434384932e+00,4.456961088927163112e-02,6.312243569717830294e-01,-1.151226657507143925e+00,1.104997201804414519e+00,-3.775311485598251693e-01,1.257613112576650982e+00,-5.334524457759004523e-01,-1.026625482884178986e+00,-4.581369898417195774e-01
-9.514812307732015140e-02,-3.884799067714809206e-01,-2.160014215731133613e-01,3.339651496761903426e-01,-1.711793697963994165e-01,-6.611239395200703417e-02,-1.709226399202596003e+00,3.916980160104727160e-01,-8.920329769166797373e-02,1.610292980482870950e+00
-9.395651672539580002e-01,-1.808295328499514021e+00,6.180684939300418179e-01,3.465270183130003123e-01,-1.008433020531145807e+00,-1.529748955004091471e+00,1.537396730684289947e+00,1.414110390606781786e+00,-2.487456758706129367e+00,-4.582230292565009355e-01
1.664192054783899311e+00,-4.760625577778669348e-01,-4.906122340266526605e-01,-2.827593276293683400e-01,-1.120896973768159333e+00,-1.704775744228044232e+00,1.052547310734748720e+00,-1.842936906247675699e+00,2.472714521087558959e-01,8.865794927576495787e-01
-1.451226298901158396e+00,-9.242684025950715920e-01,1.213179188391589891e+00,5.328917202270399001e-01,-6.172857068788871748e-01,1.202249003361171020e+00,1.206535723454302378e+00,2.690526930157071117e-01,-9.001602278736632323e-01,-4.134487034717954645e-01
2.863867439553901550e-01,-1.885948291474882355e-01,9.389571782348513640e-01,-1.529774080109336243e+00,-1.494263529066238716e+00,1.808711114824324284e-01,-4.915444138069045565e-01,-6.270486146977408692e-01,-1.768056719174397218e+00,1.954584479818175652e-02
-5.275510800076566031e-02,6.534789819517407006e-01,6.890613312097210175e-02,-1.326040782404967477e-01,1.177000636790337174e+00,-1.312467303448549893e+00,5.363892188475761769e-01,-1.671147164795348861e+00,-8.383618800008076910e-01,-1.212657132623313760e+00
7.819425354519182747e-01,-6.541023359539401005e-02,-1.350324459297675209e-02,-1.106732987729450945e+00,-2.996934959328891868e-01,-7.634653033091116647e-01,3.834550148542160142e-01,-9.910911353316136374e-01,1.329794365205075879e+00,-1.675580449624094470e+00
-8.065198324565613364e-01,1.677200509966096265e+00,-4.351387479620343890e-01,-1.314878664404411923e+00,2.190715625376686571e-01,-4.753922422145422377e-01,-8.358702556183056354e-01,-1.095870810798717176e+00,2.768373605625943146e+00,-2.515519001841363678e-01
-1.925567360332877120e+00,1.493709759005534154e+00,6.110709051105708278e-01,-7.664664310197878416e-01,-9.331190886861416844e-01,6.734727961582307465e-01,-2.469183274894546365e-01,-1.925977818445101297e+00,1.787239964604668385e+00,-4.339904622159569958e-01
1.495571736482426362e+00,1.278434957965715046e+00,-1.001009544482814206e+00,1.033189864363147858e+00,-6.514425498636812195e-01,-1.866700586803941908e+00,-4.245981660221425091e-01,3.976375017762789899e-01,-4.627366479963376245e-01,-3.070483409251013041e-01
1.143566044928612913e+00,1.064939802900918414e-01,-8.432983112849524732e-01,7.020303236673265390e-01,1.976755669542451521e-01,-2.521604801462042911e+00,4.283529137714486845e-01,3.918287077161016208e-01,2.012112958085998660e-02,8.917005810695751711e-01
-6.723935843265022028e-01,3.364997888209008692e-01,-1.566959371167352844e+00,4.070903833988318010e-01,1.953059695539896445e+00,-9.948563524675411163e-01,-7.598021319877750201e-01,-7.100154428915520510e-01,1.299982258015952852e-01,-1.063036272853718156e+00
4.212473786909801676e-01,8.468399454691651895e-01,5.343472134537844420e-01,-1.768415425638072636e+00,9.951676651586061073e-01,9.373674142536798648e-01,8.301613723463043826e-01,3.728422486558249926e-01,2.201893142051327967e-01,1.032389398126396740e+00
1.923513487603454530e+00,-9.530404633648498214e-01,1.078125395794771846e+00,-8.621709800745275265e-02,-1.296730520286006882e-01,-1.536530690382038378e+00,-2.847894095153950533e-01,-9.972649579684154109e-01,-4.638544295059456868e-01,-1.098186383778149811e+00
-4.489083873130063629e-01,-4.061103570234032567e-01,9.675491843880031084e-02,-1.614749862291330995e+00,-1.445518147745323390e+00,3.619142707305265660e-01,-7.974381170700989285e-01,1.074529790229931114e+00,2.252697220150466917e-01,6.067621502064073358e-01
1.410692320420894763e+00,-3.097108118065725613e-01,-5.744867054162757780e-01,8.717025855988135286e-01,5.095135639296859420e-01,-1.873303098213008611e-01,1.391457966955942149e+00,-2.122443098399305617e-01,3.277363755578142912e-02,2.122265083425840457e-02
-9.345938948984711114e-01,7.758538948639095989e-02,1.396760177398491232e+00,4.449683153761758159e-01,3.106342639893156649e-02,-1.617672811656696852e-01,3.308670284063512379e-01,7.497666284891850719e-01,6.092388308897529470e-01,-3.318648618219791624e-01
3.247815941101145354e-01,4.799397411482786424e-01,-1.007194987526978336e+00,1.682305411836943765e-01,-2.161303886302361921e+00,4.825337098211850417e-01,6.603430545626816084e-01,7.475461257864594034e-01,-3.950468521695674751e-01,3.090468350240347939e-01
1.423953845541166885e+00,1.413769648291258729e+00,-2.917269922656062775e-02,1.393196307295598291e-01,1.110911144734433087e+00,-1.500802015262174827e+00,-3.230757426770246021e-01,1.335570455536756906e+00,9.752005416847661090e-01,3.692637776499046454e-01
-1.505832405330620460e+00,-4.991023304116201653e-02,-5.899153962499330550e-01,3.310389028172134873e-01,-8.093466847948802556e-01,-1.025723394974607405e+00,-2.064865277683641587e+00,1.221804684976701472e+00,-3.997705114430574747e-01,1.571457837025345139e-01
-2.238116474181094193e-03,-1.067433932960499821e+00,-1.259064911448193547e+00,-1.005315125997235715e+00,-7.231684388293929677e-01,3.666062470138049534e-01,-7.957176635206114623e-01,1.746490631594621590e+00,1.027151035893150821e+00,8.083595496657081103e-01
-1.196589024731501416e-01,1.514280735720483717e+00,-2.180056311211240327e-01,-3.126141415424607550e-02,1.699745397492694043e-01,7.018230405433439900e-01,6.369080790029851835e-01,-4.751252784446030608e-01,-5.329937194259537492e-01,6.399029571520844506e-01
7.152365838912326801e-01,-3.933511248228728219e-01,-1.587188069678453939e+00,-2.073160960082445770e-01,6.235257988258586792e-01,1.805416846419780619e+00,-1.197957962340661986e+00,-4.265712528305735662e-01,-3.894035615253765847e-01,1.355805339431501277e+00
-3.494150045863277793e-02,-9.073265593722655842e-01,5.586952829218191363e-01,-4.046385200409463589e-01,-1.224387273357954387e+00,-8.927733072761506739e-01,1.734041954422619103e+00,3.842092216494622514e-01,1.077600554525429549e-01,-2.498937358120461305e-01
2.921488421187986573e-01,2.802359460024940740e-01,2.921688282073260923e-01,1.148450902777529981e-01,8.687983383055493114e-01,2.310434600073103112e-02,-9.779388355526387189e-01,-6.124228909008682109e-01,-1.979018693489712266e+00,2.026817116042392453e+00
8.627545919526867779e-01,-8.300704951292370293e-01,-2.818448493970999724e-01,-6.368764742064335627e-01,1.542547211374116989e+00,-1.419877164270928915e+00,1.144760588187792721e-01,-1.085278425648478484e-01,8.268386307091143417e-01,-1.040092277246949942e-01
-1.758208876655435127e+00,-2.511178346424408625e-01,-9.721622179433250244e-01,7.957954655656064580e-02,1.434177036520326576e+00,-1.739425244232278178e+00,-8.002227353999037396e-01,-5.526929537834970318e-01,-3.816310954132111632e-01,7.401256641052440521e-01
-1.735444175613874984e-01,4.158027257204451876e-01,-6.257730437317763350e-01,2.299243454179375201e-01,7.777976308777149184e-01,-7.322995497370884399e-01,7.813581198065147060e-01,5.237276872756847779e-02,1.045460240482252612e+00,-2.014199000769735237e-01
3.812446551620988222e-01,-4.060623167853000259e-02,-9.621226204057896358e-02,2.589304282256898460e-01,5.368074692249037438e-01,-1.249564911924005095e+00,1.433633608817877825e+00,-1.859663040549798474e+00,-6.848121097388959466e-01,-9.426907076490066706e-02
4.123559690859481264e-01,1.576172527741378504e+00,-1.858291488225107368e+00,-5.076941283897106194e-01,-2.126833487799265399e+00,3.162197391024777066e-02,2.716835845000306615e-01,1.590795742171252636e+00,1.206347608934541238e-01,1.044025129442379685e+00
5.838370815390589996e-01,-4.352481970051683136e-01,-1.408960746792039309e+00,2.750022982918107761e-01,-1.492102017145363835e+00,1.295207072669644077e+00,-1.620621020368239185e-01,1.195177411511416432e+00,-4.802144341323994481e-01,2.688507864009919146e-01
2.093488573346887760e-01,-4.504411801092395029e-02,-4.326595133965920881e-01,3.924560184705201960e-01,-9.261632634832083211e-01,-1.209435328959058698e+00,1.242826893326827609e+00,7.271679888921005475e-01,6.589160860223994276e-02,1.665142382543781441e+00
-2.677655187248448310e-01,1.322703219988979439e+00,1.755740849258218272e-01,-1.024750750076390160e+00,1.848040191770849772e+00,9.907108466240851508e-01,-1.210210310095642394e-01,7.271712595339488994e-01,-4.037034339979068687e-01,8.291490350595420722e-01
-2.391078565283959456e+00,-1.019801333694593692e+00,9.792597442869628299e-01,-2.496555382189193373e-01,2.075422948887419017e-01,-1.346785662115434601e+00,1.847866995702102999e+00,1.190529643717676667e+00,-2.006852183753296548e-01,-4.046958568633260978e-01
1.029604361419693026e+00,1.982470450168927645e+00,9.537602558113537077e-01,2.171802667396601993e+00,-9.223513290619179683e-01,-8.193868304987906859e-01,-1.188941118053348900e+00,4.417606496494794754e-01,1.756035498043697907e-01,-1.519511234719854997e-01
8.092586281232987400e-01,1.232328605214664252e+00,-1.525662409286842047e+00,-5.969720279011154762e-01,8.201435941230599269e-01,-4.677386838585820272e-01,-7.982060763581541041e-01,1.018537427650394678e+00,-1.289500069723980014e+00,-3.015798077911049924e-01
3.286440258048085594e-01,-5.738199139101187729e-01,7.831556560131748279e-01,-5.688769751973690170e-01,1.408619493445919302e+00,-1.257462974957726243e-01,6.712701367053535151e-01,7.460239529828163185e-01,-6.275400027440727335e-01,-2.053486548655888644e+00
3.607557546638348600e-01,7.228834712486950642e-02,5.558260275751273349e-01,-2.265274723828380465e-01,-4.304276988007158522e-01,2.008473010981699503e+00,-1.472354061510777967e+00,7.339504783642386565e-01,-5.746018581833910455e-01,-3.357786177404220584e-01
-3.171028325739657650e-01,-8.034342741712573455e-01,5.712242102362394824e-01,1.390643595949957012e+00,4.700136612466614405e-01,1.033819962120951230e-01,-9.864404990992465816e-01,5.168252658244508746e-01,2.156349631729298721e+00,-3.806946237950925016e-01
-3.759835793518659930e-01,-5.610891309809971084e-01,-4.894142344944203971e-01,-2.745299553672384540e+00,4.050353858557128039e-01,-8.455521763546137715e-01,-1.610263118791800174e+00,7.531899497325488246e-01,-1.082017785041936131e+00,-3.386690538837576203e-01
1.466442391188579997e+00,-1.409215798024513466e+00,-1.532598234597762232e+00,2.693061895623381496e-01,1.149487364010368440e+00,-1.574341717731962964e+00,4.076897368371770747e-01,5.809995399616920686e-01,-2.059160483692320298e+00,7.985013379072202211e-01
8.766058798421794140e-01,-3.117855732560247395e-01,1.252346362298008220e+00,1.136455574324845230e+00,1.031179257172048502e-01,-4.514453903249336375e-01,-9.728278925829570989e-01,-3.756350936619123199e-02,5.697589197041790232e-01,-3.241768610406412510e-01
-2.197501005262029850e+00,1.268713894576570356e+00,1.902232218448937640e-01,-3.796244966768338447e-01,8.571583884232882866e-01,1.524638596482755792e+00,-2.801911569487891551e+00,4.342636499220715596e-01,-1.426649210810347235e+00,4.991105067989412558e-01
1.279272023745792464e-01,6.357265264405499439e-01,-4.992476144946553229e-01,-1.873240111819152176e+00,-4.503681912566681045e-01,4.068476351397830593e-01,1.015392328675223332e+00,-1.171831300472525150e+00,1.027060426873017462e+00,-6.478722896465213266e-01
3.624498815945265129e-01,-5.098939528656327713e-01,1.821706277121016848e-01,8.918776345702745800e-01,-1.227014077288535843e+00,-6.799058967468314396e-01,1.849625873420866207e-01,2.401583661030352257e+00,-8.631897121668280493e-01,2.040133885996918917e+00
2.004423303675170853e+00,-9.731115070159115921e-02,-2.981525261999001808e-01,-6.920651986646915166e-01,-6.820253033266909792e-02,-1.406719432559558003e+00,-7.623901732059759628e-02,1.496880273850856202e+00,-6.110850624767173445e-01,-2.407243039890506475e-01
-1.701140474267241798e+00,3.740620881310435242e-01,2.644816849513739188e-01,6.370235976577090509e-02,-2.168270502221433804e-01,-2.927579187724547172e-01,5.019002337006719383e-01,-2.881660158862331053e-02,3.149718715553321835e-01,2.149828174545479476e-01
1.123427287095761784e+00,6.769940973750542268e-01,1.928618431501906150e-01,1.518422030652179622e+00,4.202685290565614795e-01,1.304962688790418879e+00,6.069426083866378274e-01,-1.841919078931542941e+00,1.304834763319329571e+00,1.351762413426690901e-01
-5.195477090077794957e-02,2.813483474895770442e-01,-3.449831619570674079e-01,2.270288603889452916e-01,-5.918760663430924218e-01,1.274272258734370000e+00,-1.135881136210502990e-01,-3.825838427224335092e-01,-9.249258157192739027e-01,2.687757891486414752e-01
1.871071001250919075e-01,3.884246136775064140e-01,-1.027251887505128858e+00,-1.601181198811572948e+00,6.255913025065598099e-01,1.484641861876507596e+00,-1.026353622389896136e+00,1.589441283561698448e+00,2.839110587363808946e-01,-7.062904550829715231e-03
-3.975486965457780131e-01,-1.384518019424996638e+00,9.877285159245996482e-01,-7.756063614376030868e-01,-7.798066757376003189e-01,9.919263098869546269e-01,-1.882983446671726568e+00,-1.523597810668166685e+00,-1.813424350808176891e-02,2.932844290048520763e-01
4.847346479689238485e-01,-3.017984933962528094e-01,2.530369668641689440e+00,-2.278925587658340857e-01,-2.307861521027221863e-01,-7.969866688138775856e-01,1.239068165210710781e-01,6.149612320467746640e-01,1.203578054533460007e+00,-1.489284264440217997e+00
-2.459953383557008100e-01,4.467036108091441693e-01,5.870575345945355794e-01,6.548657804539275741e-03,5.424239695321018129e-01,-8.089638929258003985e-01,1.557905432318356764e+00,9.926281029794294941e-01,-1.344927787065172353e+00,-1.075103048116755611e+00
-1.046921750106906357e+00,6.779699708965285510e-01,-1.284727766417467221e+00,-3.310243342080805840e-01,4.547043964167740704e-01,-6.616593454643468486e-02,2.588875157127057958e-01,-1.065802711348758258e+00,5.948543733972446734e-01,-6.132118924759965006e-01
-3.246196743979412602e-01,2.377317279059861233e-01,1.030782215308481686e-01,2.398001901559296267e-02,-7.506268219767556760e-01,-2.995494111991921504e-01,2.183590837035945340e-03,-1.375085233167084864e+00,-4.625329663133788127e-01,3.876798790328464528e-01
-1.277436603845342411e+00,1.156581651594239757e+00,1.269613262599842862e+00,-1.245150575960085604e+00,1.357619633050139329e+00,-1.435815887121343892e-01,4.185145591570548218e-01,-4.966510521282466728e-01,9.230448272267618437e-01,4.060940188486670821e-01
-8.141532565976035141e-01,-1.165201999965288504e+00,-1.460302435209222649e+00,1.879417764327564466e-01,5.724714117797358170e-01,6.509656787794414479e-01,-1.179810946073778372e-01,-1.156996455664363932e+00,-6.820747980237830133e-01,1.152348638961925742e+00
-4.846285646000813574e-01,1.434176306814761437e-01,-1.075650483574887462e+00,3.365830454590349463e-01,-4.576845616790778393e-01,1.046712713775763692e+00,7.735577062068134113e-01,-4.957059465748996918e-01,-1.266640273476633827e-01,-5.511162400406287576e-01
-1.419433196545009768e+00,-8.574424295472166113e-01,1.982173277208201245e-01,3.252594982295818893e-01,1.485479035926388913e-01,-3.017330539586357552e-01,9.330666057209853204e-01,6.354190456093739003e-02,7.032538280959472754e-01,-1.773775132202518590e+00
-3.922400251618342271e+00,2.837880278380801036e-01,-1.424765653721489445e+00,-2.124517027130560232e-01,-3.020970410246056614e-01,1.587400602415536932e+00,3.999965529436064204e-01,1.658590267986727318e-01,8.369911546336736841e-01,3.684975868390387710e-01
-4.576769929884330623e-01,1.071475930254559783e+00,-1.109750127888274207e+00,3.232471875335622413e-01,-1.547569794136311128e+00,2.039438575159950306e-01,1.929896417729294600e-01,1.676454961914662478e+00,-1.564973893441779396e+00,-6.008871758538125718e-01
8.226824265741438102e-01,3.353172563973077502e-01,1.803050513375030472e-01,-9.561357029585392242e-01,-5.908183480914291907e-01,1.245041008223256584e+00,-5.150919375392795652e-02,3.753596961444732871e-01,-1.151883287764789987e-01,-1.183085515249765240e+00
9.338104260749966468e-01,5.032323845324963019e-01,2.305636837367189163e+00,-1.015581379650545069e+00,8.225729212004805335e-01,-1.311543966037001185e+00,1.573465676730776697e-01,9.765065890631645651e-01,-2.072135116096486929e+00,-2.049324742416078760e-01
-5.632097340426202026e-01,-7.019572982951217677e-01,3.852126522593543045e-01,1.120685706422595462e+00,-1.332787152291552146e-01,2.054864275600197521e-01,1.143087530592477585e-01,1.803506356414176460e-03,-1.089342637712106265e+00,1.108444601722892831e+00
2.951953681588360134e-01,3.948814900025776620e-01,-8.065096290255822087e-01,-4.592203979892405807e-01,-1.761341977107784007e-01,-1.534124693448851717e+00,-1.688034325197678376e+00,-6.007479306385679063e-01,5.225207664423902054e-01,-6.531373899299409702e-01
-1.018805197590713529e+00,-8.146856532376701709e-01,-4.553424231453125914e-01,-3.538589628201037618e-01,2.165521452206556674e+00,1.054620628487318301e+00,1.024774112281727989e+00,1.168580364273381411e+00,-9.988208693340494548e-01,-1.222364614987239140e+00
-1.106870291534056694e+00,1.334506133337837852e+00,-5.471917888824909815e-01,-1.251356182239286907e+00,-4.309962002198129971e-01,-2.386055317146274224e-01,2.684132736945621378e-01,2.509510207120430048e-01,-8.281805638735081354e-01,6.856563925137109106e-01
-6.391935337501580827e-01,-1.562763367050430396e-01,6.867740705033550386e-01,-6.418214039443413954e-01,-5.693514235811375501e-01,5.916680496931310262e-01,-8.577331766050194650e-01,-3.847920236040706654e-01,5.557421780428924984e-01,2.054092441435975136e+00
6.054045047627466536e-01,4.726397629900116470e-01,5.308015836727296710e-01,-1.073190274067049366e+00,1.155967386799079955e-01,-2.976648833640174741e-02,3.215845403727561336e-01,1.165080524758708297e-01,3.796996774171127464e-01,-3.114671948992017159e-01
5.860891737179272504e-02,-1.227828566056992088e+00,-3.199072780029138530e-01,1.390833548176643619e+00,3.188083396282558879e-01,-2.092103738307688268e-02,1.896123276254346735e+00,-1.360834978301079135e+00,-1.109455555446219766e+00,1.712711411276272688e+00
4.596093604893383006e-02,-2.425830362897937742e-01,-1.199204325095643231e+00,4.476962663950118659e-01,5.444598695274622813e-01,-1.094494360834896263e+00,-1.402755855504283222e-01,-3.355158320330660637e-01,2.559771464187710621e-01,-1.119250242220643843e+00
1.251947454513157254e+00,9.158237815976042473e-01,-3.631755587328161505e-01,-2.164187116383712028e-01,-1.364221502776160333e-01,-7.783085530065033675e-01,-4.434294182350356772e-01,-2.702703676746090466e-01,1.612868370707128074e+00,9.466183083304366974e-01
9.346547073366235914e-01,3.699256130043903079e-01,-1.117327008931234600e+00,-4.149110457737923557e-02,9.704884596133801500e-01,-1.258264629367288334e+00,6.365532068732643323e-01,2.322609225262766142e+00,1.061816645989731800e+00,1.414029135561987394e+00
2.183387504421606951e-01,9.679319487649897802e-01,-7.178532143540355959e-01,7.958638123412264953e-01,6.543881340607632380e-01,2.899111740376629220e-01,1.316007419718498328e+00,-5.387848378473886202e-01,-1.870575164736621165e-01,9.546204135829630677e-02
-1.029610971089400584e+00,2.269319438002478651e-01,-1.718930412953846965e+00,1.046954534428209183e+00,4.663736656596574603e-02,-5.208929039037633046e-01,-8.343736122951215251e-01,-2.345790296191875846e-01,6.882597107724135466e-01,5.477389787375606112e-01
-7.055379472784608641e-01,-8.460396726276342427e-01,6.568987063196474185e-01,-7.223474046150294425e-01,5.990977407950356243e-02,1.237546425242770642e-01,3.120621317267384121e-01,8.582704301818717685e-01,-1.262962936867322750e+00,-1.911159325260487707e+00
-5.674472812283516410e-01,1.801528407832186041e+00,2.022174100087378523e+00,1.831177135565887459e+00,-1.929813677606896094e-01,-1.782115081984828819e+00,-2.343039101651840816e+00,-6.140381615494111545e-01,-1.980736301493601637e-01,1.300625401055958807e+00
8.678054595424457007e-01,2.274050789916206017e-01,-8.898447709411416717e-01,-9.607795582448902527e-01,2.541276870714354041e-01,6.970509788397265538e-01,3.918812622455845607e-01,-1.034597959606654793e+00,6.506676287920859503e-01,4.259109671014112974e-01
-1.070666406190178277e+00,-7.843209703002557154e-01,6.884959745615665261e-01,-2.345075351458909552e-01,1.589147301636457232e+00,5.011292760645763567e-01,-4.866311881892691482e-01,-1.020560039093268076e-02,6.338339263771816667e-02,-7.283903132417099968e-01
-9.125881981776265972e-01,7.013898938094993429e-01,8.452732970420956393e-01,6.037814695529586384e-01,1.515318094323801823e+00,-5.417732360116018775e-01,1.674270766071130234e+00,-9.009211185541528000e-01,-1.012685563368492803e+00,-1.759958882149250226e+00
-4.457953138268170301e-01,-5.037223368294536652e-01,5.259372802546504744e-01,2.438909416204509406e-01,-1.192973371019136808e+00,-3.927262384258175532e-01,-3.714620210876854456e-01,-1.775982246961892663e+00,-9.809467270133694905e-01,-7.708136306140893623e-01
1.433625019820946367e+00,1.914507159573525796e-01,6.621687539474996331e-01,-1.498635497149211959e+00,1.194214483013991801e+00,1.301102063024092814e+00,-1.998344967144626061e+00,-7.053167239158482094e-01,4.957655730155103302e-01,6.443884535381821932e-01
